-- phpMyAdmin SQL Dump
-- version 4.4.14
-- http://www.phpmyadmin.net
--
-- Host: 127.0.0.1
-- Generation Time: Apr 11, 2017 at 08:25 AM
-- Server version: 5.6.26
-- PHP Version: 5.6.12

SET SQL_MODE = "NO_AUTO_VALUE_ON_ZERO";
SET time_zone = "+00:00";


/*!40101 SET @OLD_CHARACTER_SET_CLIENT=@@CHARACTER_SET_CLIENT */;
/*!40101 SET @OLD_CHARACTER_SET_RESULTS=@@CHARACTER_SET_RESULTS */;
/*!40101 SET @OLD_COLLATION_CONNECTION=@@COLLATION_CONNECTION */;
/*!40101 SET NAMES utf8mb4 */;

--
-- Database: `sabya08_iknow`
--

-- --------------------------------------------------------

--
-- Table structure for table `admins`
--

CREATE TABLE IF NOT EXISTS `admins` (
  `id` int(10) unsigned NOT NULL,
  `name` varchar(255) COLLATE utf8_unicode_ci NOT NULL,
  `email` varchar(255) COLLATE utf8_unicode_ci NOT NULL,
  `password` varchar(255) COLLATE utf8_unicode_ci NOT NULL,
  `status` enum('Y','N','E') COLLATE utf8_unicode_ci NOT NULL DEFAULT 'E' COMMENT 'Y = Active, N = Block, E = Pending Activation',
  `remember_token` varchar(100) COLLATE utf8_unicode_ci DEFAULT NULL,
  `created_at` timestamp NULL DEFAULT NULL,
  `updated_at` timestamp NULL DEFAULT NULL
) ENGINE=InnoDB AUTO_INCREMENT=2 DEFAULT CHARSET=utf8 COLLATE=utf8_unicode_ci;

--
-- Dumping data for table `admins`
--

INSERT INTO `admins` (`id`, `name`, `email`, `password`, `status`, `remember_token`, `created_at`, `updated_at`) VALUES
(1, 'Admin', 'admin@admin.com', '$2y$10$3W5Mq9tTnDmG0/n.kvCDoun9TIjWFAFqHwGxNWgspKxis4olhyuGu', 'Y', 'JVxArLd5klFiK3ODBjYDVgeEHg0JWs8fhUg85RkJ0LZuOg9O7nVBOZgm7GA9', NULL, '2017-01-03 08:50:02');

-- --------------------------------------------------------

--
-- Table structure for table `all_tropics`
--

CREATE TABLE IF NOT EXISTS `all_tropics` (
  `id` int(10) unsigned NOT NULL,
  `title` varchar(255) CHARACTER SET utf8 COLLATE utf8_unicode_ci NOT NULL,
  `group_id` int(11) NOT NULL,
  `created_at` timestamp NOT NULL DEFAULT '0000-00-00 00:00:00',
  `updated_at` timestamp NOT NULL DEFAULT '0000-00-00 00:00:00'
) ENGINE=InnoDB AUTO_INCREMENT=45 DEFAULT CHARSET=latin1;

--
-- Dumping data for table `all_tropics`
--

INSERT INTO `all_tropics` (`id`, `title`, `group_id`, `created_at`, `updated_at`) VALUES
(1, 'Street football', 1, '2016-12-30 06:16:05', '2016-12-30 06:16:05'),
(2, 'Racquet or racket', 1, '2016-12-30 06:16:05', '2016-12-30 06:16:05'),
(3, 'Interdependent team sports', 1, '2016-12-30 06:16:05', '2016-12-30 06:16:05'),
(4, 'Water sports', 1, '2016-12-30 06:16:05', '2016-12-30 06:16:05'),
(5, 'Underwater target shooting', 1, '2016-12-30 06:16:05', '2016-12-30 06:16:05'),
(6, 'Goal', 1, '2016-12-30 06:16:05', '2016-12-30 06:16:05'),
(7, 'Sports that involve teams.', 1, '2016-12-30 06:16:05', '2016-12-30 06:16:05'),
(8, 'Bat-and-ball', 1, '2016-12-30 06:16:05', '2016-12-30 06:16:05'),
(9, 'Astronomy', 2, '2016-12-30 06:16:06', '2016-12-30 06:16:06'),
(10, 'Australian rules football', 1, '2016-12-30 06:16:06', '2016-12-30 06:16:06'),
(11, 'Auto audiophilia', 3, '2016-12-30 06:16:06', '2016-12-30 06:16:06'),
(12, 'Auto racing', 1, '2016-12-30 06:16:06', '2016-12-30 06:16:06'),
(13, 'Backpacking', 2, '2016-12-30 06:16:06', '2016-12-30 06:16:06'),
(14, 'Badminton', 1, '2016-12-30 06:16:06', '2016-12-30 06:16:06'),
(15, 'BASE jumping', 1, '2016-12-30 06:16:06', '2016-12-30 06:16:06'),
(16, 'Baseball', 1, '2016-12-30 06:16:06', '2016-12-30 06:16:06'),
(17, 'Basketball', 1, '2016-12-30 06:16:06', '2016-12-30 06:16:06'),
(18, 'Baton twirling', 1, '2016-12-30 06:16:06', '2016-12-30 06:16:06'),
(19, 'Automation', 4, '2016-12-30 06:16:06', '2016-12-30 06:16:06'),
(20, 'Electrical', 4, '2016-12-30 06:16:06', '2016-12-30 06:16:06'),
(21, 'Pubs', 5, '2016-12-30 06:16:06', '2016-12-30 06:16:06'),
(22, 'Tours', 2, '2016-12-30 06:16:06', '2016-12-30 06:16:06'),
(23, 'Street football', 1, '2016-12-30 06:51:12', '2016-12-30 06:51:12'),
(24, 'Racquet or racket', 1, '2016-12-30 06:51:12', '2016-12-30 06:51:12'),
(25, 'Interdependent team sports', 1, '2016-12-30 06:51:12', '2016-12-30 06:51:12'),
(26, 'Water sports', 1, '2016-12-30 06:51:12', '2016-12-30 06:51:12'),
(27, 'Underwater target shooting', 1, '2016-12-30 06:51:12', '2016-12-30 06:51:12'),
(28, 'Goal', 1, '2016-12-30 06:51:12', '2016-12-30 06:51:12'),
(29, 'Sports that involve teams.', 1, '2016-12-30 06:51:12', '2016-12-30 06:51:12'),
(30, 'Bat-and-ball', 1, '2016-12-30 06:51:12', '2016-12-30 06:51:12'),
(31, 'Astronomy', 0, '2016-12-30 06:51:12', '2016-12-30 06:51:12'),
(32, 'Australian rules football', 1, '2016-12-30 06:51:12', '2016-12-30 06:51:12'),
(33, 'Auto audiophilia', 3, '2016-12-30 06:51:12', '2016-12-30 06:51:12'),
(34, 'Auto racing', 1, '2016-12-30 06:51:12', '2016-12-30 06:51:12'),
(35, 'Backpacking', 0, '2016-12-30 06:51:12', '2016-12-30 06:51:12'),
(36, 'Badminton', 1, '2016-12-30 06:51:12', '2016-12-30 06:51:12'),
(37, 'BASE jumping', 1, '2016-12-30 06:51:12', '2016-12-30 06:51:12'),
(38, 'Baseball', 1, '2016-12-30 06:51:13', '2016-12-30 06:51:13'),
(39, 'Basketball', 1, '2016-12-30 06:51:13', '2016-12-30 06:51:13'),
(40, 'Baton twirling', 1, '2016-12-30 06:51:13', '2016-12-30 06:51:13'),
(41, 'Automation', 4, '2016-12-30 06:51:13', '2016-12-30 06:51:13'),
(42, 'Electrical', 4, '2016-12-30 06:51:13', '2016-12-30 06:51:13'),
(43, 'Pubs', 5, '2016-12-30 06:51:13', '2016-12-30 06:51:13'),
(44, 'Tours', 0, '2016-12-30 06:51:13', '2016-12-30 06:51:13');

-- --------------------------------------------------------

--
-- Table structure for table `answers`
--

CREATE TABLE IF NOT EXISTS `answers` (
  `id` int(10) unsigned NOT NULL,
  `user_id` int(10) unsigned NOT NULL,
  `question_id` int(10) unsigned NOT NULL,
  `content` text COLLATE utf8_unicode_ci NOT NULL,
  `created_at` timestamp NULL DEFAULT NULL,
  `updated_at` timestamp NULL DEFAULT NULL
) ENGINE=InnoDB AUTO_INCREMENT=9 DEFAULT CHARSET=utf8 COLLATE=utf8_unicode_ci;

--
-- Dumping data for table `answers`
--

INSERT INTO `answers` (`id`, `user_id`, `question_id`, `content`, `created_at`, `updated_at`) VALUES
(1, 1, 7, '<p>Lorem Ipsum is simply dummy text of the printing and typesetting industry. Lorem Ipsum has been the industry&#39;s standard dummy text ever since the 1500s, when an unknown printer took a galley of type and scrambled it</p>\r\n', '2017-02-09 07:14:43', '2017-02-09 07:14:43'),
(2, 1, 7, '<p>Lorem Ipsum is simply dummy text of the printing and typesetting industry. Lorem Ipsum has been the industry&#39;s standard dummy text ever since the 1500s, when an unknown printer took a galley of type and scrambled it</p>\r\n', '2017-02-09 07:15:10', '2017-02-09 07:15:10'),
(3, 1, 7, '<p>Lorem Ipsum is simply dummy text of the printing and typesetting industry. Lorem Ipsum has been the industry&#39;s standard dummy text ever since the 1500s, when an unknown printer took a galley of type and scrambled it</p>\r\n\r\n<p><strong>Lorem Ipsum is simply dummy text of the printing and typesetting industry. Lorem Ipsum has been the industry&#39;s standard dummy text ever since the 1500s, when an unknown printer took a galley of type and scrambled it</strong></p>\r\n\r\n<p><em>Lorem Ipsum is simply dummy text of the printing and typesetting industry. Lorem Ipsum has been the industry&#39;s standard dummy text ever since the 1500s, when an unknown printer took a galley of type and scrambled it</em></p>\r\n', '2017-02-09 07:28:53', '2017-02-09 07:28:53'),
(6, 1, 19, '<p>test</p>\r\n', '2017-02-17 00:37:25', '2017-02-17 00:37:25'),
(7, 1, 19, '<p>Ans2</p>\r\n', '2017-02-17 00:41:38', '2017-02-17 00:41:38'),
(8, 18, 19, '<p>Test etst</p>\r\n', '2017-02-17 00:43:10', '2017-02-17 00:43:10');

-- --------------------------------------------------------

--
-- Table structure for table `answer_comments`
--

CREATE TABLE IF NOT EXISTS `answer_comments` (
  `id` int(10) unsigned NOT NULL,
  `user_id` int(10) unsigned NOT NULL,
  `answer_id` int(10) unsigned NOT NULL DEFAULT '0',
  `parent_id` int(10) unsigned NOT NULL DEFAULT '0',
  `comment` text COLLATE utf8_unicode_ci NOT NULL,
  `created_at` timestamp NULL DEFAULT NULL,
  `updated_at` timestamp NULL DEFAULT NULL
) ENGINE=InnoDB AUTO_INCREMENT=31 DEFAULT CHARSET=utf8 COLLATE=utf8_unicode_ci;

--
-- Dumping data for table `answer_comments`
--

INSERT INTO `answer_comments` (`id`, `user_id`, `answer_id`, `parent_id`, `comment`, `created_at`, `updated_at`) VALUES
(1, 18, 7, 0, 'test', '2017-02-17 06:50:08', '2017-02-17 06:50:08'),
(2, 18, 6, 0, 'test test', '2017-02-17 07:11:29', '2017-02-17 07:11:29'),
(3, 18, 7, 0, 'test2', '2017-02-17 07:24:10', '2017-02-17 07:24:10'),
(4, 18, 7, 1, 'rep check1', '2017-02-17 08:04:23', '2017-02-17 08:04:23'),
(5, 18, 7, 4, 'rep rep ck', '2017-02-17 08:19:35', '2017-02-17 08:19:35'),
(6, 18, 7, 4, 'rep rep2\r\n', '2017-02-17 08:24:47', '2017-02-17 08:24:47'),
(7, 18, 7, 3, 'chk chk', '2017-02-17 08:29:05', '2017-02-17 08:29:05'),
(8, 18, 7, 3, 'chk2', '2017-02-17 08:31:22', '2017-02-17 08:31:22'),
(9, 18, 7, 3, 'chk3', '2017-02-17 08:32:15', '2017-02-17 08:32:15'),
(10, 1, 8, 0, 'abc\r\n', '2017-02-20 07:40:21', '2017-02-20 07:40:21'),
(11, 1, 8, 10, 'aa', '2017-02-20 07:45:25', '2017-02-20 07:45:25'),
(12, 1, 8, 10, 'aaa', '2017-02-20 07:45:37', '2017-02-20 07:45:37'),
(13, 1, 8, 0, 'ddd', '2017-02-20 07:45:57', '2017-02-20 07:45:57'),
(14, 1, 8, 0, 'kkk', '2017-02-20 07:47:55', '2017-02-20 07:47:55'),
(15, 1, 6, 0, 'oo', '2017-02-20 07:49:17', '2017-02-20 07:49:17'),
(16, 1, 7, 0, 'aa', '2017-02-20 07:51:07', '2017-02-20 07:51:07'),
(17, 1, 8, 0, 'aass', '2017-02-20 07:53:10', '2017-02-20 07:53:10'),
(18, 1, 6, 0, 'aaaaaaaaaaaaaa', '2017-02-20 07:58:52', '2017-02-20 07:58:52'),
(19, 1, 6, 0, 'ppp', '2017-02-20 08:00:00', '2017-02-20 08:00:00'),
(20, 1, 6, 0, 'oooooo', '2017-02-20 08:01:21', '2017-02-20 08:01:21'),
(21, 1, 8, 0, 'llll', '2017-02-20 08:06:32', '2017-02-20 08:06:32'),
(22, 1, 8, 21, 'pppp', '2017-02-20 08:06:40', '2017-02-20 08:06:40'),
(23, 1, 8, 22, 'llll', '2017-02-20 08:06:45', '2017-02-20 08:06:45'),
(24, 1, 8, 23, 'oooo', '2017-02-20 08:06:52', '2017-02-20 08:06:52'),
(25, 1, 8, 14, 'aaa', '2017-02-21 00:12:28', '2017-02-21 00:12:28'),
(26, 1, 8, 25, 'pppp', '2017-02-21 00:12:33', '2017-02-21 00:12:33'),
(27, 1, 8, 26, 'mmmm', '2017-02-21 00:12:39', '2017-02-21 00:12:39'),
(28, 1, 8, 17, 'aaaaaaaaaaaa', '2017-02-21 00:17:53', '2017-02-21 00:17:53'),
(29, 1, 8, 28, 'ggggggggggg', '2017-02-21 00:17:58', '2017-02-21 00:17:58'),
(30, 1, 8, 29, 'mmmmmmmmmmmm', '2017-02-21 00:18:02', '2017-02-21 00:18:02');

-- --------------------------------------------------------

--
-- Table structure for table `ask_questions`
--

CREATE TABLE IF NOT EXISTS `ask_questions` (
  `id` int(10) unsigned NOT NULL,
  `user_id` int(10) unsigned NOT NULL,
  `title` varchar(255) COLLATE utf8_unicode_ci NOT NULL,
  `to` varchar(255) COLLATE utf8_unicode_ci NOT NULL,
  `content` text COLLATE utf8_unicode_ci NOT NULL,
  `post_type` int(10) unsigned NOT NULL DEFAULT '1' COMMENT '1 = public , 2 = private ',
  `tags` varchar(255) COLLATE utf8_unicode_ci NOT NULL,
  `question_attached` varchar(255) COLLATE utf8_unicode_ci NOT NULL,
  `send_as_anonymous` enum('Y','N') COLLATE utf8_unicode_ci NOT NULL DEFAULT 'N' COMMENT 'Y = Active, N = Inactive',
  `is_pinned` tinyint(4) NOT NULL DEFAULT '0' COMMENT '1 = "Pinned", 0 = "Not pinned"',
  `pinned_time` int(11) NOT NULL DEFAULT '0',
  `created_at` timestamp NULL DEFAULT NULL,
  `updated_at` timestamp NULL DEFAULT NULL
) ENGINE=InnoDB AUTO_INCREMENT=20 DEFAULT CHARSET=utf8 COLLATE=utf8_unicode_ci;

--
-- Dumping data for table `ask_questions`
--

INSERT INTO `ask_questions` (`id`, `user_id`, `title`, `to`, `content`, `post_type`, `tags`, `question_attached`, `send_as_anonymous`, `is_pinned`, `pinned_time`, `created_at`, `updated_at`) VALUES
(2, 1, 'Automation', '', 'fdhd  sfdgfd sfdgfsb eafadf', 1, 'fgrfg', '', 'Y', 0, 0, '2016-12-23 03:48:34', '2016-12-23 03:48:34'),
(7, 1, 'School', '1,17,19', 'Street football,Sports that involve teams.,Auto audiophiliaStreet football,Sports that involve teams.,Auto audiophiliaStreet football,Sports that involve teams.,Auto audiophiliaStreet football,Sports that involve teams.,Auto audiophiliaStreet football,Sports that involve teams.,Auto audiophiliaStreet football,Sports that involve teams.,Auto audiophiliaStreet football,Sports that involve teams.,Auto audiophiliaStreet football,Sports that involve teams.,Auto audiophiliaStreet football,Sports that involve teams.,Auto audiophiliaStreet football,Sports that involve teams.,Auto audiophiliaStreet football,Sports that involve teams.,Auto audiophiliaStreet football,Sports that involve teams.,Auto audiophiliaStreet football,Sports that involve teams.,Auto audiophiliaStreet football,Sports that involve teams.,Auto audiophiliaStreet football,Sports that involve teams.,Auto audiophiliaStreet football,Sports that involve teams.,Auto audiophiliaStreet football,Sports that involve teams.,Auto audiophiliaStreet football,Sports that involve teams.,Auto audiophiliaStreet football,Sports that involve teams.,Auto audiophiliaStreet football,Sports that involve teams.,Auto audiophiliaStreet football,Sports that involve teams.,Auto audiophiliaStreet football,Sports that involve teams.,Auto audiophiliaStreet football,Sports that involve teams.,Auto audiophiliaStreet football,Sports that involve teams.,Auto audiophiliaStreet football,Sports that involve teams.,Auto audiophiliaStreet football,Sports that involve teams.,Auto audiophiliaStreet football,Sports that involve teams.,Auto audiophiliaStreet football,Sports that involve teams.,Auto audiophiliaStreet football,Sports that involve teams.,Auto audiophiliaStreet football,Sports that involve teams.,Auto audiophiliaStreet football,Sports that involve teams.,Auto audiophiliaStreet football,Sports that involve teams.,Auto audiophiliaStreet football,Sports that involve teams.,Auto audiophiliaStreet football,Sports that involve teams.,Auto audiophilia', 1, 'aass', '1482495388ccOPzcrzEk.png', 'N', 0, 0, '2016-12-23 06:46:28', '2016-12-23 06:46:28'),
(8, 18, 'my qsn', '17,19', 'tets qsn test', 1, 'Street football,Sports that involve teams.,Auto audiophilia', '', 'N', 0, 0, '2016-12-28 08:00:42', '2016-12-28 08:00:42'),
(10, 18, 'Graduate', '19', 'g f sdfdf', 1, 'Astronomy', '', 'N', 0, 0, '2016-12-28 08:44:44', '2016-12-28 08:44:44'),
(12, 18, 'Baton twirling', '19', 'asasas asa sa dfdf', 1, 'Auto racing', '', 'N', 1, 1490342300, '2016-12-28 08:53:50', '2017-03-24 02:28:20'),
(16, 1, 'Automation', '19', 'Now Lorem Ipsum is simply dummy text of the printing and typesetting industry. Lorem Ipsum has been the industry''s standard dummy text ever since the 1500s, when an unknown printer took a galley of type and scrambled it. Lorem Ipsum is simply dummy text of the printing and typesetting industry. \r\nLorem Ipsum is simply dummy text of the printing and typesetting industry. Lorem Ipsum has been the industry''s standard dummy text ever since the 1500s, when an unknown printer took a galley of type and scrambled it. Lorem Ipsum is simply dummy text of the printing and typesetting industry. ', 1, '', '', 'N', 0, 1490342310, '2017-02-10 09:48:30', '2017-03-24 02:28:30'),
(17, 1, 'Any', '19', 'Now Lorem Ipsum is simply dummy text of the printing and typesetting industry. Lorem Ipsum has been the industry''s standard dummy text ever since the 1500s, when an unknown printer took a galley of type and scrambled it. Lorem Ipsum is simply dummy text of the printing and typesetting industry. \r\nLorem Ipsum is simply dummy text of the printing and typesetting industry. Lorem Ipsum has been the industry''s standard dummy text ever since the 1500s, when an unknown printer took a galley of type and scrambled it. Lorem Ipsum is simply dummy text of the printing and typesetting industry. ', 1, '', '', 'N', 0, 0, '2017-02-10 09:49:03', '2017-02-10 09:49:03'),
(19, 1, 'AAutomation', '1,17', 'Lorem Ipsum is simply dummy text of the printing and typesetting industry. Lorem Ipsum has been the industry''s standard dummy text ever since the 1500s, when an unknown printer took a galley of type and scrambled it. Lorem Ipsum is simply dummy text of the printing and typesetting industry. \r\nLorem Ipsum is simply dummy text of the printing and typesetting industry. Lorem Ipsum has been the industry''s standard dummy text ever since the 1500s, when an unknown printer took a galley of type and scrambled it. Lorem Ipsum is simply dummy text of the printing and typesetting industry. ', 1, 'ssss', '', 'N', 1, 1490346251, '2017-02-13 07:39:23', '2017-03-24 03:34:11');

-- --------------------------------------------------------

--
-- Table structure for table `blogs`
--

CREATE TABLE IF NOT EXISTS `blogs` (
  `id` int(10) unsigned NOT NULL,
  `title` varchar(255) CHARACTER SET utf8 COLLATE utf8_unicode_ci NOT NULL,
  `blog_image` varchar(255) DEFAULT NULL,
  `user_id` int(10) unsigned NOT NULL DEFAULT '0',
  `cat_id` int(10) unsigned NOT NULL DEFAULT '0',
  `description` text,
  `created_at` timestamp NOT NULL DEFAULT '0000-00-00 00:00:00',
  `updated_at` timestamp NOT NULL DEFAULT '0000-00-00 00:00:00'
) ENGINE=InnoDB DEFAULT CHARSET=latin1;

-- --------------------------------------------------------

--
-- Table structure for table `blog_comments`
--

CREATE TABLE IF NOT EXISTS `blog_comments` (
  `id` int(10) unsigned NOT NULL,
  `user_id` int(10) unsigned NOT NULL,
  `blog_id` int(10) unsigned NOT NULL DEFAULT '0',
  `parent_id` int(10) unsigned NOT NULL DEFAULT '0',
  `comment` text COLLATE utf8_unicode_ci NOT NULL,
  `created_at` timestamp NULL DEFAULT NULL,
  `updated_at` timestamp NULL DEFAULT NULL
) ENGINE=InnoDB DEFAULT CHARSET=utf8 COLLATE=utf8_unicode_ci;

-- --------------------------------------------------------

--
-- Table structure for table `blog_views`
--

CREATE TABLE IF NOT EXISTS `blog_views` (
  `id` int(10) unsigned NOT NULL,
  `blog_id` int(11) unsigned DEFAULT NULL,
  `ip` varchar(255) COLLATE utf8_unicode_ci NOT NULL,
  `created_at` timestamp NOT NULL DEFAULT '0000-00-00 00:00:00',
  `updated_at` timestamp NOT NULL DEFAULT '0000-00-00 00:00:00'
) ENGINE=InnoDB DEFAULT CHARSET=utf8 COLLATE=utf8_unicode_ci;

-- --------------------------------------------------------

--
-- Table structure for table `categories`
--

CREATE TABLE IF NOT EXISTS `categories` (
  `id` int(10) unsigned NOT NULL,
  `title` varchar(255) CHARACTER SET utf8 COLLATE utf8_unicode_ci NOT NULL,
  `icon` varchar(255) DEFAULT NULL,
  `parent_id` int(10) unsigned NOT NULL DEFAULT '0',
  `created_at` timestamp NOT NULL DEFAULT '0000-00-00 00:00:00',
  `updated_at` timestamp NOT NULL DEFAULT '0000-00-00 00:00:00'
) ENGINE=InnoDB AUTO_INCREMENT=4 DEFAULT CHARSET=latin1;

--
-- Dumping data for table `categories`
--

INSERT INTO `categories` (`id`, `title`, `icon`, `parent_id`, `created_at`, `updated_at`) VALUES
(3, 'Study', '1490965940f4alpPvzQe.png', 0, '2017-03-31 07:41:52', '2017-03-31 07:42:20');

-- --------------------------------------------------------

--
-- Table structure for table `chat_messages`
--

CREATE TABLE IF NOT EXISTS `chat_messages` (
  `id` int(10) NOT NULL,
  `from_user_id` int(10) NOT NULL,
  `to_user_id` int(10) NOT NULL,
  `from_user_country_id` int(11) DEFAULT NULL,
  `to_user_country_id` int(11) DEFAULT NULL,
  `from_user_type` tinyint(4) NOT NULL DEFAULT '1' COMMENT '1 = Member, 2 = Model',
  `to_user_type` tinyint(4) NOT NULL DEFAULT '2' COMMENT '1 = Member, 2 = Model',
  `message` text NOT NULL,
  `from_user_view_status` enum('Y','N','S','D') NOT NULL DEFAULT 'S' COMMENT 'N for Not seen, S for seen, D for deleted',
  `to_user_view_status` enum('Y','N','S','D') NOT NULL DEFAULT 'N' COMMENT 'N for Not seen, S for seen, D for deleted',
  `audio_status` enum('Y','N') NOT NULL DEFAULT 'N',
  `type` enum('T','F') NOT NULL COMMENT 'T= text, F= file',
  `file_name` varchar(255) DEFAULT NULL,
  `file_ext` varchar(255) DEFAULT NULL,
  `is_flirt` tinyint(1) NOT NULL DEFAULT '0',
  `is_bot` tinyint(4) DEFAULT NULL,
  `created_at` timestamp NOT NULL DEFAULT '0000-00-00 00:00:00',
  `updated_at` timestamp NOT NULL DEFAULT '0000-00-00 00:00:00'
) ENGINE=InnoDB AUTO_INCREMENT=474 DEFAULT CHARSET=latin1;

--
-- Dumping data for table `chat_messages`
--

INSERT INTO `chat_messages` (`id`, `from_user_id`, `to_user_id`, `from_user_country_id`, `to_user_country_id`, `from_user_type`, `to_user_type`, `message`, `from_user_view_status`, `to_user_view_status`, `audio_status`, `type`, `file_name`, `file_ext`, `is_flirt`, `is_bot`, `created_at`, `updated_at`) VALUES
(450, 34, 1, NULL, NULL, 1, 2, 'dfds ffdsf', 'S', 'S', 'N', 'T', NULL, NULL, 0, NULL, '2017-01-31 13:00:35', '2017-01-31 13:01:26'),
(451, 1, 34, NULL, NULL, 1, 2, 'gfdg', 'S', 'S', 'N', 'T', NULL, NULL, 0, NULL, '2017-01-31 13:01:37', '2017-01-31 13:01:37'),
(452, 1, 38, NULL, NULL, 1, 2, 'fdgd', 'S', 'S', 'N', 'T', NULL, NULL, 0, NULL, '2017-01-31 13:01:38', '2017-01-31 13:01:43'),
(453, 38, 1, NULL, NULL, 1, 2, 'ghgh', 'S', 'S', 'N', 'T', NULL, NULL, 0, NULL, '2017-01-31 13:02:02', '2017-01-31 13:02:06'),
(454, 1, 37, NULL, NULL, 1, 2, 'hello', 'S', 'N', 'N', 'T', NULL, NULL, 0, NULL, '2017-01-31 13:06:33', '2017-01-31 13:06:33'),
(455, 38, 1, NULL, NULL, 1, 2, 'hello.', 'S', 'S', 'N', 'T', NULL, NULL, 0, NULL, '2017-01-31 13:10:27', '2017-01-31 13:10:30'),
(456, 38, 1, NULL, NULL, 1, 2, 'hi', 'S', 'S', 'N', 'T', NULL, NULL, 0, NULL, '2017-01-31 13:10:36', '2017-01-31 13:10:40'),
(457, 38, 1, NULL, NULL, 1, 2, 'hi user', 'S', 'S', 'N', 'T', NULL, NULL, 0, NULL, '2017-01-31 13:10:41', '2017-01-31 13:10:45'),
(458, 38, 1, NULL, NULL, 1, 2, 'photo.jpg', 'S', 'S', 'N', 'F', '1485846658_photo.jpg', 'jpg', 0, NULL, '2017-01-31 13:10:58', '2017-01-31 13:11:00'),
(459, 1, 38, NULL, NULL, 1, 2, 'asd', 'S', 'S', 'N', 'T', NULL, NULL, 0, NULL, '2017-01-31 13:12:02', '2017-01-31 13:12:03'),
(460, 38, 1, NULL, NULL, 1, 2, 'hi', 'S', 'S', 'N', 'T', NULL, NULL, 0, NULL, '2017-01-31 13:12:22', '2017-01-31 13:12:23'),
(461, 1, 38, NULL, NULL, 1, 2, 'helo', 'S', 'S', 'N', 'T', NULL, NULL, 0, NULL, '2017-01-31 13:12:30', '2017-01-31 13:12:33'),
(462, 38, 1, NULL, NULL, 1, 2, 'sh sj                          ssssss', 'S', 'S', 'N', 'T', NULL, NULL, 0, NULL, '2017-01-31 13:33:18', '2017-01-31 13:40:32'),
(463, 1, 31, 105, 105, 1, 2, 'hi', 'S', 'N', 'N', 'T', NULL, NULL, 0, NULL, '2017-02-07 14:05:04', '2017-02-07 14:05:04'),
(464, 1, 31, 105, 105, 1, 2, 'gfdgf', 'S', 'N', 'N', 'T', NULL, NULL, 0, NULL, '2017-02-07 14:05:08', '2017-02-07 14:05:08'),
(465, 42, 33, 105, 105, 1, 2, 'hello', 'S', 'N', 'N', 'T', NULL, NULL, 0, NULL, '2017-02-07 14:05:41', '2017-02-07 14:05:41'),
(466, 42, 32, 105, 105, 1, 2, 'I''m just laying in bed. bored. Care to join ?', 'S', 'N', 'N', 'T', NULL, NULL, 1, NULL, '2017-02-07 14:05:54', '2017-02-07 14:05:54'),
(467, 41, 1, 105, 105, 2, 1, 'I''m just laying in bed. bored. Care to join ?', 'S', 'S', 'N', 'T', NULL, NULL, 1, NULL, '2017-02-07 14:06:53', '2017-02-10 13:38:45'),
(468, 34, 42, 105, 105, 2, 1, 'hfgh gfhfg hgf', 'S', 'S', 'N', 'T', NULL, NULL, 0, NULL, '2017-02-07 14:07:18', '2017-02-07 14:07:22'),
(469, 1, 19, NULL, NULL, 2, 1, 'test test', 'S', 'N', 'N', 'T', NULL, NULL, 0, NULL, '2017-03-03 05:18:59', '2017-03-03 05:18:59'),
(470, 1, 19, NULL, NULL, 2, 1, 'test test', 'S', 'N', 'N', 'T', NULL, NULL, 0, NULL, '2017-03-03 05:23:39', '2017-03-03 05:23:39'),
(471, 1, 17, NULL, NULL, 2, 1, 'flug.png', 'S', 'N', 'N', 'F', '1488547246_flug.png', 'png', 0, NULL, '2017-03-03 07:50:46', '2017-03-03 07:50:46'),
(472, 1, 19, NULL, NULL, 2, 1, '300404-hakka-noodles.jpg', 'S', 'N', 'N', 'F', '1489055380_300404-hakka-noodles.jpg', 'jpg', 0, NULL, '2017-03-09 04:59:40', '2017-03-09 04:59:40'),
(473, 18, 1, NULL, NULL, 1, 2, 'hello pritam', 'S', 'S', 'N', 'T', NULL, NULL, 0, NULL, '2017-03-11 01:56:51', '2017-03-11 01:57:21');

-- --------------------------------------------------------

--
-- Table structure for table `companies`
--

CREATE TABLE IF NOT EXISTS `companies` (
  `id` int(10) unsigned NOT NULL,
  `title` varchar(255) CHARACTER SET utf8 COLLATE utf8_unicode_ci NOT NULL,
  `created_at` timestamp NOT NULL DEFAULT '0000-00-00 00:00:00',
  `updated_at` timestamp NOT NULL DEFAULT '0000-00-00 00:00:00'
) ENGINE=InnoDB AUTO_INCREMENT=22 DEFAULT CHARSET=latin1;

--
-- Dumping data for table `companies`
--

INSERT INTO `companies` (`id`, `title`, `created_at`, `updated_at`) VALUES
(1, 'Công ty Cổ phần Tư vấn thiết kế và Phát triển đô thị (CDDC.,JSC)', '2016-11-11 18:30:00', '2016-11-11 18:30:00'),
(2, 'Công ty Cổ phần Ánh Dương Việt Nam (Vinasun corp.)', '2016-11-11 18:30:00', '2016-11-11 18:30:00'),
(3, 'Công ty cổ phần Bamboo Capital (BCG)', '2016-11-11 18:30:00', '2016-11-11 18:30:00'),
(4, 'Công ty Cổ phần Bao bì Biên Hòa (SOVI)', '2016-11-11 18:30:00', '2016-11-11 18:30:00'),
(5, 'Công ty Cổ phần Bao bì dầu thực vật (V.Pack )', '2016-11-11 18:30:00', '2016-11-11 18:30:00'),
(6, 'Công ty Cổ phần Bao bì Nhựa Tân Tiến (TAPACK )', '2016-11-11 18:30:00', '2016-11-11 18:30:00'),
(7, 'Công ty Cổ phần Basa (BASACO)', '2016-11-11 18:30:00', '2016-11-11 18:30:00'),
(8, 'Công ty Cổ phần Bất động sản Du lịch Ninh Vân Bay (Ninh Van Bay)', '2016-11-11 18:30:00', '2016-11-11 18:30:00'),
(9, 'Công ty cổ phần Bê tông Becamex (BECAMEX ACC)', '2016-11-11 18:30:00', '2016-11-11 18:30:00'),
(10, 'Công ty Cổ phần Beton 6 (BT6 Corp)', '2016-11-11 18:30:00', '2016-11-11 18:30:00'),
(11, 'Công ty Cổ phần Bibica (BIBICA)', '2016-11-11 18:30:00', '2016-11-11 18:30:00'),
(12, 'Công ty Cổ phần Bông Bạch Tuyết (COBOVINA)', '2016-11-11 18:30:00', '2016-11-11 18:30:00'),
(13, 'Công ty Cổ phần Bóng đèn Điện Quang (DQ JSC)', '2016-11-11 18:30:00', '2016-11-11 18:30:00'),
(14, 'Công ty Cổ phần Bóng đèn Phích nước Rạng Đông (RALACO )', '2016-11-11 18:30:00', '2016-11-11 18:30:00'),
(15, 'Công ty Cổ phần Bột giặt Lix (Lixco)', '2016-11-11 18:30:00', '2016-11-11 18:30:00'),
(16, 'Công ty cổ phần Cảng Cát Lái (Cat Lai Port JSC)', '2016-11-11 18:30:00', '2016-11-11 18:30:00'),
(17, 'Công ty Cổ phần Cảng Đồng Nai (Dong Nai Port)', '2016-11-11 18:30:00', '2016-11-11 18:30:00'),
(19, 'demo2', '2017-01-03 07:45:34', '2017-01-03 07:45:34'),
(20, 'demo3', '2017-01-03 07:45:34', '2017-01-03 07:45:34'),
(21, 'demo4', '2017-01-03 07:45:35', '2017-01-03 07:45:35');

-- --------------------------------------------------------

--
-- Table structure for table `contact_ifnos`
--

CREATE TABLE IF NOT EXISTS `contact_ifnos` (
  `id` int(10) unsigned NOT NULL,
  `user_id` int(10) unsigned NOT NULL,
  `info1` varchar(255) COLLATE utf8_unicode_ci NOT NULL,
  `info2` varchar(255) COLLATE utf8_unicode_ci NOT NULL,
  `info3` varchar(255) COLLATE utf8_unicode_ci NOT NULL,
  `info4` varchar(255) COLLATE utf8_unicode_ci NOT NULL,
  `created_at` timestamp NULL DEFAULT NULL,
  `updated_at` timestamp NULL DEFAULT NULL
) ENGINE=InnoDB AUTO_INCREMENT=7 DEFAULT CHARSET=utf8 COLLATE=utf8_unicode_ci;

--
-- Dumping data for table `contact_ifnos`
--

INSERT INTO `contact_ifnos` (`id`, `user_id`, `info1`, `info2`, `info3`, `info4`, `created_at`, `updated_at`) VALUES
(2, 18, 'test2@test.com', 'abcsdsd@gmail.com', 'test123sss', 'sk1111', '2016-12-28 02:15:22', '2016-12-28 05:19:25'),
(5, 18, 'asas2@test.com', 'abcmm@gmail.com', 'fb23', 'sk12132', '2016-12-28 04:22:11', '2016-12-28 05:00:29'),
(6, 1, 'test2@test.com', '', '', '', '2017-01-05 00:49:35', '2017-01-05 00:49:35');

-- --------------------------------------------------------

--
-- Table structure for table `contact_messages`
--

CREATE TABLE IF NOT EXISTS `contact_messages` (
  `id` int(10) unsigned NOT NULL,
  `sender_name` varchar(255) NOT NULL,
  `sender_email` varchar(255) NOT NULL,
  `phone` varchar(255) NOT NULL,
  `comments` text NOT NULL,
  `created_at` timestamp NOT NULL DEFAULT '0000-00-00 00:00:00',
  `updated_at` timestamp NOT NULL DEFAULT '0000-00-00 00:00:00'
) ENGINE=InnoDB DEFAULT CHARSET=latin1;

-- --------------------------------------------------------

--
-- Table structure for table `countries`
--

CREATE TABLE IF NOT EXISTS `countries` (
  `idCountry` int(5) NOT NULL,
  `countryCode` char(2) NOT NULL DEFAULT '',
  `countryName` varchar(45) NOT NULL DEFAULT '',
  `currencyCode` char(3) DEFAULT NULL
) ENGINE=MyISAM DEFAULT CHARSET=utf8;

--
-- Dumping data for table `countries`
--

INSERT INTO `countries` (`idCountry`, `countryCode`, `countryName`, `currencyCode`) VALUES
(1, 'AD', 'Andorra', 'EUR'),
(2, 'AE', 'United Arab Emirates', 'AED'),
(3, 'AF', 'Afghanistan', 'AFN'),
(4, 'AG', 'Antigua and Barbuda', 'XCD'),
(5, 'AI', 'Anguilla', 'XCD'),
(6, 'AL', 'Albania', 'ALL'),
(7, 'AM', 'Armenia', 'AMD'),
(8, 'AO', 'Angola', 'AOA'),
(9, 'AQ', 'Antarctica', ''),
(10, 'AR', 'Argentina', 'ARS'),
(11, 'AS', 'American Samoa', 'USD'),
(12, 'AT', 'Austria', 'EUR'),
(13, 'AU', 'Australia', 'AUD'),
(14, 'AW', 'Aruba', 'AWG'),
(15, 'AX', 'Aland', 'EUR'),
(16, 'AZ', 'Azerbaijan', 'AZN'),
(17, 'BA', 'Bosnia and Herzegovina', 'BAM'),
(18, 'BB', 'Barbados', 'BBD'),
(19, 'BD', 'Bangladesh', 'BDT'),
(20, 'BE', 'Belgium', 'EUR'),
(21, 'BF', 'Burkina Faso', 'XOF'),
(22, 'BG', 'Bulgaria', 'BGN'),
(23, 'BH', 'Bahrain', 'BHD'),
(24, 'BI', 'Burundi', 'BIF'),
(25, 'BJ', 'Benin', 'XOF'),
(26, 'BL', 'Saint Barthelemy', 'EUR'),
(27, 'BM', 'Bermuda', 'BMD'),
(28, 'BN', 'Brunei', 'BND'),
(29, 'BO', 'Bolivia', 'BOB'),
(30, 'BQ', 'Bonaire', 'USD'),
(31, 'BR', 'Brazil', 'BRL'),
(32, 'BS', 'Bahamas', 'BSD'),
(33, 'BT', 'Bhutan', 'BTN'),
(34, 'BV', 'Bouvet Island', 'NOK'),
(35, 'BW', 'Botswana', 'BWP'),
(36, 'BY', 'Belarus', 'BYR'),
(37, 'BZ', 'Belize', 'BZD'),
(38, 'CA', 'Canada', 'CAD'),
(39, 'CC', 'Cocos [Keeling] Islands', 'AUD'),
(40, 'CD', 'Democratic Republic of the Congo', 'CDF'),
(41, 'CF', 'Central African Republic', 'XAF'),
(42, 'CG', 'Republic of the Congo', 'XAF'),
(43, 'CH', 'Switzerland', 'CHF'),
(44, 'CI', 'Ivory Coast', 'XOF'),
(45, 'CK', 'Cook Islands', 'NZD'),
(46, 'CL', 'Chile', 'CLP'),
(47, 'CM', 'Cameroon', 'XAF'),
(48, 'CN', 'China', 'CNY'),
(49, 'CO', 'Colombia', 'COP'),
(50, 'CR', 'Costa Rica', 'CRC'),
(51, 'CU', 'Cuba', 'CUP'),
(52, 'CV', 'Cape Verde', 'CVE'),
(53, 'CW', 'Curacao', 'ANG'),
(54, 'CX', 'Christmas Island', 'AUD'),
(55, 'CY', 'Cyprus', 'EUR'),
(56, 'CZ', 'Czech Republic', 'CZK'),
(57, 'DE', 'Germany', 'EUR'),
(58, 'DJ', 'Djibouti', 'DJF'),
(59, 'DK', 'Denmark', 'DKK'),
(60, 'DM', 'Dominica', 'XCD'),
(61, 'DO', 'Dominican Republic', 'DOP'),
(62, 'DZ', 'Algeria', 'DZD'),
(63, 'EC', 'Ecuador', 'USD'),
(64, 'EE', 'Estonia', 'EUR'),
(65, 'EG', 'Egypt', 'EGP'),
(66, 'EH', 'Western Sahara', 'MAD'),
(67, 'ER', 'Eritrea', 'ERN'),
(68, 'ES', 'Spain', 'EUR'),
(69, 'ET', 'Ethiopia', 'ETB'),
(70, 'FI', 'Finland', 'EUR'),
(71, 'FJ', 'Fiji', 'FJD'),
(72, 'FK', 'Falkland Islands', 'FKP'),
(73, 'FM', 'Micronesia', 'USD'),
(74, 'FO', 'Faroe Islands', 'DKK'),
(75, 'FR', 'France', 'EUR'),
(76, 'GA', 'Gabon', 'XAF'),
(77, 'GB', 'United Kingdom', 'GBP'),
(78, 'GD', 'Grenada', 'XCD'),
(79, 'GE', 'Georgia', 'GEL'),
(80, 'GF', 'French Guiana', 'EUR'),
(81, 'GG', 'Guernsey', 'GBP'),
(82, 'GH', 'Ghana', 'GHS'),
(83, 'GI', 'Gibraltar', 'GIP'),
(84, 'GL', 'Greenland', 'DKK'),
(85, 'GM', 'Gambia', 'GMD'),
(86, 'GN', 'Guinea', 'GNF'),
(87, 'GP', 'Guadeloupe', 'EUR'),
(88, 'GQ', 'Equatorial Guinea', 'XAF'),
(89, 'GR', 'Greece', 'EUR'),
(90, 'GS', 'South Georgia and the South Sandwich Islands', 'GBP'),
(91, 'GT', 'Guatemala', 'GTQ'),
(92, 'GU', 'Guam', 'USD'),
(93, 'GW', 'Guinea-Bissau', 'XOF'),
(94, 'GY', 'Guyana', 'GYD'),
(95, 'HK', 'Hong Kong', 'HKD'),
(96, 'HM', 'Heard Island and McDonald Islands', 'AUD'),
(97, 'HN', 'Honduras', 'HNL'),
(98, 'HR', 'Croatia', 'HRK'),
(99, 'HT', 'Haiti', 'HTG'),
(100, 'HU', 'Hungary', 'HUF'),
(101, 'ID', 'Indonesia', 'IDR'),
(102, 'IE', 'Ireland', 'EUR'),
(103, 'IL', 'Israel', 'ILS'),
(104, 'IM', 'Isle of Man', 'GBP'),
(105, 'IN', 'India', 'INR'),
(106, 'IO', 'British Indian Ocean Territory', 'USD'),
(107, 'IQ', 'Iraq', 'IQD'),
(108, 'IR', 'Iran', 'IRR'),
(109, 'IS', 'Iceland', 'ISK'),
(110, 'IT', 'Italy', 'EUR'),
(111, 'JE', 'Jersey', 'GBP'),
(112, 'JM', 'Jamaica', 'JMD'),
(113, 'JO', 'Jordan', 'JOD'),
(114, 'JP', 'Japan', 'JPY'),
(115, 'KE', 'Kenya', 'KES'),
(116, 'KG', 'Kyrgyzstan', 'KGS'),
(117, 'KH', 'Cambodia', 'KHR'),
(118, 'KI', 'Kiribati', 'AUD'),
(119, 'KM', 'Comoros', 'KMF'),
(120, 'KN', 'Saint Kitts and Nevis', 'XCD'),
(121, 'KP', 'North Korea', 'KPW'),
(122, 'KR', 'South Korea', 'KRW'),
(123, 'KW', 'Kuwait', 'KWD'),
(124, 'KY', 'Cayman Islands', 'KYD'),
(125, 'KZ', 'Kazakhstan', 'KZT'),
(126, 'LA', 'Laos', 'LAK'),
(127, 'LB', 'Lebanon', 'LBP'),
(128, 'LC', 'Saint Lucia', 'XCD'),
(129, 'LI', 'Liechtenstein', 'CHF'),
(130, 'LK', 'Sri Lanka', 'LKR'),
(131, 'LR', 'Liberia', 'LRD'),
(132, 'LS', 'Lesotho', 'LSL'),
(133, 'LT', 'Lithuania', 'LTL'),
(134, 'LU', 'Luxembourg', 'EUR'),
(135, 'LV', 'Latvia', 'EUR'),
(136, 'LY', 'Libya', 'LYD'),
(137, 'MA', 'Morocco', 'MAD'),
(138, 'MC', 'Monaco', 'EUR'),
(139, 'MD', 'Moldova', 'MDL'),
(140, 'ME', 'Montenegro', 'EUR'),
(141, 'MF', 'Saint Martin', 'EUR'),
(142, 'MG', 'Madagascar', 'MGA'),
(143, 'MH', 'Marshall Islands', 'USD'),
(144, 'MK', 'Macedonia', 'MKD'),
(145, 'ML', 'Mali', 'XOF'),
(146, 'MM', 'Myanmar [Burma]', 'MMK'),
(147, 'MN', 'Mongolia', 'MNT'),
(148, 'MO', 'Macao', 'MOP'),
(149, 'MP', 'Northern Mariana Islands', 'USD'),
(150, 'MQ', 'Martinique', 'EUR'),
(151, 'MR', 'Mauritania', 'MRO'),
(152, 'MS', 'Montserrat', 'XCD'),
(153, 'MT', 'Malta', 'EUR'),
(154, 'MU', 'Mauritius', 'MUR'),
(155, 'MV', 'Maldives', 'MVR'),
(156, 'MW', 'Malawi', 'MWK'),
(157, 'MX', 'Mexico', 'MXN'),
(158, 'MY', 'Malaysia', 'MYR'),
(159, 'MZ', 'Mozambique', 'MZN'),
(160, 'NA', 'Namibia', 'NAD'),
(161, 'NC', 'New Caledonia', 'XPF'),
(162, 'NE', 'Niger', 'XOF'),
(163, 'NF', 'Norfolk Island', 'AUD'),
(164, 'NG', 'Nigeria', 'NGN'),
(165, 'NI', 'Nicaragua', 'NIO'),
(166, 'NL', 'Netherlands', 'EUR'),
(167, 'NO', 'Norway', 'NOK'),
(168, 'NP', 'Nepal', 'NPR'),
(169, 'NR', 'Nauru', 'AUD'),
(170, 'NU', 'Niue', 'NZD'),
(171, 'NZ', 'New Zealand', 'NZD'),
(172, 'OM', 'Oman', 'OMR'),
(173, 'PA', 'Panama', 'PAB'),
(174, 'PE', 'Peru', 'PEN'),
(175, 'PF', 'French Polynesia', 'XPF'),
(176, 'PG', 'Papua New Guinea', 'PGK'),
(177, 'PH', 'Philippines', 'PHP'),
(178, 'PK', 'Pakistan', 'PKR'),
(179, 'PL', 'Poland', 'PLN'),
(180, 'PM', 'Saint Pierre and Miquelon', 'EUR'),
(181, 'PN', 'Pitcairn Islands', 'NZD'),
(182, 'PR', 'Puerto Rico', 'USD'),
(183, 'PS', 'Palestine', 'ILS'),
(184, 'PT', 'Portugal', 'EUR'),
(185, 'PW', 'Palau', 'USD'),
(186, 'PY', 'Paraguay', 'PYG'),
(187, 'QA', 'Qatar', 'QAR'),
(188, 'RE', 'Reunion', 'EUR'),
(189, 'RO', 'Romania', 'RON'),
(190, 'RS', 'Serbia', 'RSD'),
(191, 'RU', 'Russia', 'RUB'),
(192, 'RW', 'Rwanda', 'RWF'),
(193, 'SA', 'Saudi Arabia', 'SAR'),
(194, 'SB', 'Solomon Islands', 'SBD'),
(195, 'SC', 'Seychelles', 'SCR'),
(196, 'SD', 'Sudan', 'SDG'),
(197, 'SE', 'Sweden', 'SEK'),
(198, 'SG', 'Singapore', 'SGD'),
(199, 'SH', 'Saint Helena', 'SHP'),
(200, 'SI', 'Slovenia', 'EUR'),
(201, 'SJ', 'Svalbard and Jan Mayen', 'NOK'),
(202, 'SK', 'Slovakia', 'EUR'),
(203, 'SL', 'Sierra Leone', 'SLL'),
(204, 'SM', 'San Marino', 'EUR'),
(205, 'SN', 'Senegal', 'XOF'),
(206, 'SO', 'Somalia', 'SOS'),
(207, 'SR', 'Suriname', 'SRD'),
(208, 'SS', 'South Sudan', 'SSP'),
(209, 'ST', 'Sao Tome and Principe', 'STD'),
(210, 'SV', 'El Salvador', 'USD'),
(211, 'SX', 'Sint Maarten', 'ANG'),
(212, 'SY', 'Syria', 'SYP'),
(213, 'SZ', 'Swaziland', 'SZL'),
(214, 'TC', 'Turks and Caicos Islands', 'USD'),
(215, 'TD', 'Chad', 'XAF'),
(216, 'TF', 'French Southern Territories', 'EUR'),
(217, 'TG', 'Togo', 'XOF'),
(218, 'TH', 'Thailand', 'THB'),
(219, 'TJ', 'Tajikistan', 'TJS'),
(220, 'TK', 'Tokelau', 'NZD'),
(221, 'TL', 'East Timor', 'USD'),
(222, 'TM', 'Turkmenistan', 'TMT'),
(223, 'TN', 'Tunisia', 'TND'),
(224, 'TO', 'Tonga', 'TOP'),
(225, 'TR', 'Turkey', 'TRY'),
(226, 'TT', 'Trinidad and Tobago', 'TTD'),
(227, 'TV', 'Tuvalu', 'AUD'),
(228, 'TW', 'Taiwan', 'TWD'),
(229, 'TZ', 'Tanzania', 'TZS'),
(230, 'UA', 'Ukraine', 'UAH'),
(231, 'UG', 'Uganda', 'UGX'),
(232, 'UM', 'U.S. Minor Outlying Islands', 'USD'),
(233, 'US', 'United States', 'USD'),
(234, 'UY', 'Uruguay', 'UYU'),
(235, 'UZ', 'Uzbekistan', 'UZS'),
(236, 'VA', 'Vatican City', 'EUR'),
(237, 'VC', 'Saint Vincent and the Grenadines', 'XCD'),
(238, 'VE', 'Venezuela', 'VEF'),
(239, 'VG', 'British Virgin Islands', 'USD'),
(240, 'VI', 'U.S. Virgin Islands', 'USD'),
(241, 'VN', 'Vietnam', 'VND'),
(242, 'VU', 'Vanuatu', 'VUV'),
(243, 'WF', 'Wallis and Futuna', 'XPF'),
(244, 'WS', 'Samoa', 'WST'),
(245, 'XK', 'Kosovo', 'EUR'),
(246, 'YE', 'Yemen', 'YER'),
(247, 'YT', 'Mayotte', 'EUR'),
(248, 'ZA', 'South Africa', 'ZAR'),
(249, 'ZM', 'Zambia', 'ZMW'),
(250, 'ZW', 'Zimbabwe', 'ZWL');

-- --------------------------------------------------------

--
-- Table structure for table `degrees`
--

CREATE TABLE IF NOT EXISTS `degrees` (
  `id` int(10) unsigned NOT NULL,
  `title` varchar(255) COLLATE utf8_unicode_ci NOT NULL,
  `created_at` timestamp NULL DEFAULT NULL,
  `updated_at` timestamp NULL DEFAULT NULL
) ENGINE=InnoDB AUTO_INCREMENT=4 DEFAULT CHARSET=utf8 COLLATE=utf8_unicode_ci;

--
-- Dumping data for table `degrees`
--

INSERT INTO `degrees` (`id`, `title`, `created_at`, `updated_at`) VALUES
(1, 'Schools', '2016-11-29 02:37:28', '2016-11-29 02:37:59'),
(2, 'Graduate', '2016-11-29 03:43:46', '2016-11-29 03:43:46'),
(3, 'Post Graduate', '2016-11-29 03:43:53', '2016-11-29 03:43:53');

-- --------------------------------------------------------

--
-- Table structure for table `educations`
--

CREATE TABLE IF NOT EXISTS `educations` (
  `id` int(10) unsigned NOT NULL,
  `user_id` int(10) unsigned NOT NULL,
  `institution` varchar(255) COLLATE utf8_unicode_ci NOT NULL,
  `major` varchar(255) COLLATE utf8_unicode_ci NOT NULL,
  `degree` int(11) NOT NULL,
  `city` varchar(255) COLLATE utf8_unicode_ci NOT NULL,
  `country` int(10) unsigned NOT NULL,
  `from_month` int(10) unsigned NOT NULL,
  `from_year` int(10) unsigned NOT NULL,
  `to_month` int(10) unsigned NOT NULL,
  `to_year` int(10) unsigned NOT NULL,
  `status` enum('Y','N') COLLATE utf8_unicode_ci NOT NULL DEFAULT 'Y' COMMENT 'Y = Active, N = Inactive',
  `created_at` timestamp NULL DEFAULT NULL,
  `updated_at` timestamp NULL DEFAULT NULL
) ENGINE=InnoDB AUTO_INCREMENT=11 DEFAULT CHARSET=utf8 COLLATE=utf8_unicode_ci;

--
-- Dumping data for table `educations`
--

INSERT INTO `educations` (`id`, `user_id`, `institution`, `major`, `degree`, `city`, `country`, `from_month`, `from_year`, `to_month`, `to_year`, `status`, `created_at`, `updated_at`) VALUES
(1, 17, 'Gnit', 'Btech', 0, 'kolkata', 105, 10, 2006, 12, 2009, 'Y', '2016-11-11 10:47:07', '2016-11-11 10:47:07'),
(2, 19, 'THPT Đinh Tiên Hoàng-Ba Đình', 'Kỹ thuật Sinh học', 0, 'ANy', 18, 2, 2001, 10, 2009, 'Y', '2016-11-15 03:47:34', '2016-11-15 07:39:27'),
(3, 19, 'THPT Phạm Hồng Thái', 'Sư phạm kỹ thuật', 0, 'tst', 3, 11, 1999, 6, 2001, 'Y', '2016-11-15 03:48:20', '2016-11-15 07:37:23'),
(5, 19, 'CĐ nghề VIGLACERA', 'Sư phạm kỹ thuật', 0, 'test', 19, 4, 2005, 7, 2008, 'Y', '2016-11-15 07:38:00', '2016-11-15 07:38:00'),
(8, 1, 'CĐ nghề VIGLACERA', 'Kỹ thuật Hóa dầu', 2, 'tst', 19, 3, 1989, 8, 1995, 'Y', '2016-11-22 06:12:12', '2017-01-05 00:44:25'),
(9, 1, 'THCS-THPT Hà Thành', 'Kinh tế và Quản trị kinh doanh', 2, 'South Carolina, United States', 0, 0, 1987, 11, 2016, 'Y', '2016-11-30 07:45:53', '2016-11-30 07:45:53'),
(10, 1, 'THPT  Phan Đình Phùng', '', 2, 'San Francisco, CA, United States', 0, 0, 1988, 0, 2016, 'Y', '2016-12-07 01:33:07', '2016-12-07 01:33:07');

-- --------------------------------------------------------

--
-- Table structure for table `email_templates`
--

CREATE TABLE IF NOT EXISTS `email_templates` (
  `id` int(10) unsigned NOT NULL,
  `email_title` varchar(255) COLLATE utf8_unicode_ci NOT NULL,
  `description` text COLLATE utf8_unicode_ci NOT NULL,
  `locale` varchar(255) COLLATE utf8_unicode_ci NOT NULL,
  `created_at` timestamp NULL DEFAULT NULL,
  `updated_at` timestamp NULL DEFAULT NULL
) ENGINE=InnoDB AUTO_INCREMENT=4 DEFAULT CHARSET=utf8 COLLATE=utf8_unicode_ci;

--
-- Dumping data for table `email_templates`
--

INSERT INTO `email_templates` (`id`, `email_title`, `description`, `locale`, `created_at`, `updated_at`) VALUES
(1, 'Activate accounts', '<header style=" margin: 0px auto; width: 600px;">{SITE_URL}</header>\r\n\r\n<section style=" margin: 0px auto; width: 600px; border: 1px solid #EBEBEB; padding: 10px;">\r\n\r\n    <div style="font-family:Verdana,Arial;font-weight:normal;font-size:16px; font-weight: bold;line-height:18px;margin-bottom:10px;margin-top:20px">Hi {USER_NAME},</div>\r\n\r\n    <div style="font-family:Verdana,Arial;font-weight:normal;font-size:12px;line-height:18px;margin-bottom:10px;margin-top:10px">Thanks for creating an account on {SITE_URL}.\r\n\r\n        Please follow the link below to verify your email address: </div>\r\n\r\n\r\n\r\n    <div style="font-family:Verdana,Arial;font-weight:normal;text-align:center;font-size:16px;line-height:18px;margin-bottom:30px;margin-top:30px"><a href="{ACTIVATION_LINK}" style="text-decoration: none; padding: 10px 40px; background: #3696C2; color: #fff;">ACTIVATE ACCOUNT</a></div>\r\n\r\n\r\n\r\n    <div style="font-family:Verdana,Arial;font-weight:normal;font-size:12px;margin-bottom:10px;margin-top:10px">If you have any questions, please feel free to contact us at {CONTACT_MAIL}.</div>\r\n\r\n</section>\r\n\r\n\r\n<footer style="font-family:Verdana,Arial;font-weight:normal;text-align:center;font-size:12px;line-height:18px;margin-bottom:75px;margin-top:30px">Thank you, {SITE_URL}</footer>', 'en', '2016-09-30 18:30:00', '2016-09-30 18:30:00'),
(3, 'New Invoice', 'Congrats.. A new invoice is created.  ', 'en', '2016-10-12 18:30:00', '2016-10-12 18:30:00');

-- --------------------------------------------------------

--
-- Table structure for table `favorite_categories`
--

CREATE TABLE IF NOT EXISTS `favorite_categories` (
  `id` int(10) unsigned NOT NULL,
  `cat_id` int(10) unsigned NOT NULL,
  `user_id` int(10) unsigned NOT NULL,
  `created_at` timestamp NULL DEFAULT NULL,
  `updated_at` timestamp NULL DEFAULT NULL
) ENGINE=InnoDB DEFAULT CHARSET=utf8 COLLATE=utf8_unicode_ci;

-- --------------------------------------------------------

--
-- Table structure for table `favorite_tropics`
--

CREATE TABLE IF NOT EXISTS `favorite_tropics` (
  `id` int(10) unsigned NOT NULL,
  `tropic_id` int(10) unsigned NOT NULL,
  `user_id` int(10) unsigned NOT NULL,
  `created_at` timestamp NULL DEFAULT NULL,
  `updated_at` timestamp NULL DEFAULT NULL
) ENGINE=InnoDB DEFAULT CHARSET=utf8 COLLATE=utf8_unicode_ci;

-- --------------------------------------------------------

--
-- Table structure for table `filter_order_sets`
--

CREATE TABLE IF NOT EXISTS `filter_order_sets` (
  `id` int(10) unsigned NOT NULL,
  `user_id` int(10) unsigned NOT NULL,
  `filter_set` text COLLATE utf8_unicode_ci NOT NULL
) ENGINE=InnoDB AUTO_INCREMENT=2 DEFAULT CHARSET=utf8 COLLATE=utf8_unicode_ci;

--
-- Dumping data for table `filter_order_sets`
--

INSERT INTO `filter_order_sets` (`id`, `user_id`, `filter_set`) VALUES
(1, 1, '{"prof":"profesion","locv":"locationvisit","dpt":"depatment","tpic":"tpic","locl":"locationlive","workpl":"workplace","gnder":"gendr","eduction":"eductn","mjor":"majr","ag":"agee"}');

-- --------------------------------------------------------

--
-- Table structure for table `follows`
--

CREATE TABLE IF NOT EXISTS `follows` (
  `id` int(10) unsigned NOT NULL,
  `followed_to` int(11) unsigned DEFAULT NULL,
  `followed_by` int(11) unsigned DEFAULT NULL,
  `created_at` timestamp NOT NULL DEFAULT '0000-00-00 00:00:00',
  `updated_at` timestamp NOT NULL DEFAULT '0000-00-00 00:00:00'
) ENGINE=InnoDB AUTO_INCREMENT=6 DEFAULT CHARSET=utf8 COLLATE=utf8_unicode_ci;

--
-- Dumping data for table `follows`
--

INSERT INTO `follows` (`id`, `followed_to`, `followed_by`, `created_at`, `updated_at`) VALUES
(5, 1, 1, '2017-02-16 09:34:22', '2017-02-16 09:34:22');

-- --------------------------------------------------------

--
-- Table structure for table `friends`
--

CREATE TABLE IF NOT EXISTS `friends` (
  `id` int(10) unsigned NOT NULL,
  `from_user_id` int(10) unsigned NOT NULL,
  `to_user_id` int(10) unsigned NOT NULL,
  `status` enum('Y','N','C') COLLATE utf8_unicode_ci NOT NULL DEFAULT 'N' COMMENT '''Y'' => ''Accepted'' ,''N'' => ''Not Accepted'', ''C''=> ''Canceled''',
  `created_at` timestamp NULL DEFAULT NULL,
  `updated_at` timestamp NULL DEFAULT NULL
) ENGINE=InnoDB AUTO_INCREMENT=10 DEFAULT CHARSET=utf8 COLLATE=utf8_unicode_ci;

--
-- Dumping data for table `friends`
--

INSERT INTO `friends` (`id`, `from_user_id`, `to_user_id`, `status`, `created_at`, `updated_at`) VALUES
(1, 18, 1, 'Y', '2017-02-21 07:47:42', '2017-02-23 07:12:10'),
(2, 19, 1, 'Y', '2017-02-21 07:47:42', '2017-02-23 07:12:08'),
(3, 1, 17, 'Y', '2017-02-21 07:57:28', '2017-02-21 07:57:28'),
(5, 2, 1, 'N', '2017-02-22 04:24:11', '2017-02-22 05:24:47'),
(6, 2, 17, 'N', '2017-02-22 04:24:11', '2017-02-22 04:24:11'),
(7, 2, 18, 'N', '2017-02-22 04:24:12', '2017-02-22 04:24:12'),
(8, 2, 19, 'N', '2017-02-22 04:24:12', '2017-02-22 04:24:12'),
(9, 1, 2, 'N', '2017-02-22 05:22:28', '2017-02-22 05:22:28');

-- --------------------------------------------------------

--
-- Table structure for table `jobs`
--

CREATE TABLE IF NOT EXISTS `jobs` (
  `id` int(10) unsigned NOT NULL,
  `title` varchar(255) CHARACTER SET utf8 COLLATE utf8_unicode_ci NOT NULL,
  `created_at` timestamp NOT NULL DEFAULT '0000-00-00 00:00:00',
  `updated_at` timestamp NOT NULL DEFAULT '0000-00-00 00:00:00'
) ENGINE=InnoDB AUTO_INCREMENT=22 DEFAULT CHARSET=latin1;

--
-- Dumping data for table `jobs`
--

INSERT INTO `jobs` (`id`, `title`, `created_at`, `updated_at`) VALUES
(1, 'Chief Operating Officer', '2016-11-11 18:30:00', '2016-11-11 18:30:00'),
(2, 'Commissioner of Internal Revenue', '2016-11-11 18:30:00', '2016-11-11 18:30:00'),
(3, 'COO', '2016-11-11 18:30:00', '2016-11-11 18:30:00'),
(4, 'County Commissioner', '2016-11-11 18:30:00', '2016-11-11 18:30:00'),
(5, 'Government Service Executive', '2016-11-11 18:30:00', '2016-11-11 18:30:00'),
(6, 'Governor', '2016-11-11 18:30:00', '2016-11-11 18:30:00'),
(7, 'Mayor', '2016-11-11 18:30:00', '2016-11-11 18:30:00'),
(8, 'Department Store General Manager', '2016-11-11 18:30:00', '2016-11-11 18:30:00'),
(9, 'General Manager', '2016-11-11 18:30:00', '2016-11-11 18:30:00'),
(10, 'General Superintendent', '2016-11-11 18:30:00', '2016-11-11 18:30:00'),
(11, 'Manufacturing Operations Manager', '2016-11-11 18:30:00', '2016-11-11 18:30:00'),
(12, 'Operations Manager', '2016-11-11 18:30:00', '2016-11-11 18:30:00'),
(13, 'Radio Station Manager', '2016-11-11 18:30:00', '2016-11-11 18:30:00'),
(14, 'Television Station Manager', '2016-11-11 18:30:00', '2016-11-11 18:30:00'),
(15, 'City Alderman', '2016-11-11 18:30:00', '2016-11-11 18:30:00'),
(16, 'City Council Member', '2016-11-11 18:30:00', '2016-11-11 18:30:00'),
(17, 'Congressional Representative', '2016-11-11 18:30:00', '2016-11-11 18:30:00'),
(18, 'demo1', '2017-01-03 08:19:09', '2017-01-03 08:19:09'),
(20, 'demo3', '2017-01-03 08:19:09', '2017-01-03 08:19:09'),
(21, 'demo4', '2017-01-03 08:19:09', '2017-01-03 08:19:09');

-- --------------------------------------------------------

--
-- Table structure for table `languages`
--

CREATE TABLE IF NOT EXISTS `languages` (
  `id` int(10) unsigned NOT NULL,
  `name` varchar(255) COLLATE utf8_unicode_ci NOT NULL,
  `locale` varchar(255) COLLATE utf8_unicode_ci NOT NULL,
  `weight` int(10) unsigned NOT NULL,
  `fallback_locale` enum('Y','N') COLLATE utf8_unicode_ci NOT NULL DEFAULT 'N' COMMENT 'Deafult language',
  `created_at` timestamp NULL DEFAULT NULL,
  `updated_at` timestamp NULL DEFAULT NULL
) ENGINE=InnoDB AUTO_INCREMENT=3 DEFAULT CHARSET=utf8 COLLATE=utf8_unicode_ci;

--
-- Dumping data for table `languages`
--

INSERT INTO `languages` (`id`, `name`, `locale`, `weight`, `fallback_locale`, `created_at`, `updated_at`) VALUES
(1, 'English', 'en', 1, 'Y', '2016-07-12 07:51:59', '2016-07-12 07:51:59'),
(2, 'Polish ', 'pl', 2, 'N', '2016-09-28 18:30:00', '2016-09-28 18:30:00');

-- --------------------------------------------------------

--
-- Table structure for table `migrations`
--

CREATE TABLE IF NOT EXISTS `migrations` (
  `migration` varchar(255) COLLATE utf8_unicode_ci NOT NULL,
  `batch` int(11) NOT NULL
) ENGINE=InnoDB DEFAULT CHARSET=utf8 COLLATE=utf8_unicode_ci;

--
-- Dumping data for table `migrations`
--

INSERT INTO `migrations` (`migration`, `batch`) VALUES
('2014_10_12_000000_create_users_table', 1),
('2014_10_12_100000_create_password_resets_table', 1),
('2016_07_06_075604_create_admins_table', 1),
('2016_07_06_112919_create_settings_table', 1),
('2016_07_12_092132_create_languages_table', 1),
('2016_09_16_092105_create_pages_table', 2),
('2016_09_16_093651_create_pages_table', 3),
('2016_09_16_093953_create_page_translations_table', 4),
('2016_09_16_110017_create_users_table', 5),
('2016_09_22_075004_create_groups_table', 6),
('2016_09_22_095444_create_group_members_table', 7),
('2016_09_22_130046_create_groups_table', 8),
('2016_09_22_130253_create_group_members_table', 9),
('2016_09_23_132931_create_group_user_table', 10),
('2016_09_23_134032_create_group_user_table', 11),
('2016_09_24_133840_create_categorys_table', 12),
('2016_09_26_071915_create_packages_table', 13),
('2016_09_26_105120_create_user_package_table', 14),
('2016_09_28_071834_add_column_to_settings', 15),
('2016_09_28_123624_add_column_to_package_user', 16),
('2016_10_01_081042_add_column_to_users', 17),
('2016_10_01_095334_create_email_templates_table', 18),
('2016_10_03_123350_add_column_to_setting', 19),
('2016_10_07_102140_create_invoices_table', 20),
('2016_10_18_140838_create_questions_table', 21),
('2016_10_19_141649_create_answers_table', 22),
('2016_10_20_061252_create_tests_tabel', 23),
('2016_10_20_102743_create_test_question_tabel', 24),
('2016_10_21_133133_add_column_to_questions', 25),
('2016_10_25_131934_create_sub_questions_table', 26),
('2016_10_25_135636_create_sub_amswers_table', 26),
('2016_10_26_075209_add_column_to_sub_answers', 27),
('2016_10_26_114058_add_column_to_tests', 27),
('2016_10_27_075703_add_column_to_question', 28),
('2016_10_27_080117_add_column_to_answers', 29),
('2016_10_27_111850_create_test_group_table', 30),
('2016_10_28_074023_create_test_evaluations_table', 31),
('2016_10_31_062736_create_test_answers_table', 32),
('2016_11_07_130827_add_column_to_test_evaluations', 33),
('2016_11_11_134633_create_work_experience_table', 34),
('2016_11_11_155027_create_educations_table', 35),
('2016_11_11_162456_create_tropic_table', 36),
('2016_11_16_060319_create_user_address_table', 37),
('2016_11_25_091527_create_privacy_settings_table', 38),
('2016_11_25_093717_create_notification_settings_table', 39),
('2016_11_26_072852_create_tropic_groups_table', 40),
('2016_11_29_072903_create_degrees_table', 41),
('2016_12_13_132713_create_user_favorite_table', 42),
('2016_12_22_075629_create_ask_questions_table', 43),
('2016_12_28_061148_create_contact_ifnos_table', 44),
('2017_01_10_131708_create_filter_order_sets_table', 45);

-- --------------------------------------------------------

--
-- Table structure for table `notification_settings`
--

CREATE TABLE IF NOT EXISTS `notification_settings` (
  `id` int(10) unsigned NOT NULL,
  `user_id` int(10) unsigned NOT NULL,
  `answer_question` enum('Y','N') COLLATE utf8_unicode_ci NOT NULL DEFAULT 'Y' COMMENT 'Y = Yes, N = No',
  `upvote` enum('Y','N') COLLATE utf8_unicode_ci NOT NULL DEFAULT 'Y' COMMENT 'Y = Yes, N = No',
  `new_follower` enum('Y','N') COLLATE utf8_unicode_ci NOT NULL DEFAULT 'Y' COMMENT 'Y = Yes, N = No',
  `new_nessage` enum('Y','N') COLLATE utf8_unicode_ci NOT NULL DEFAULT 'Y' COMMENT 'Y = Yes, N = No',
  `tag_me` enum('Y','N') COLLATE utf8_unicode_ci NOT NULL DEFAULT 'Y' COMMENT 'Y = Yes, N = No',
  `comment_my` enum('Y','N') COLLATE utf8_unicode_ci NOT NULL DEFAULT 'Y' COMMENT 'Y = Yes, N = No',
  `created_at` timestamp NULL DEFAULT NULL,
  `updated_at` timestamp NULL DEFAULT NULL
) ENGINE=InnoDB AUTO_INCREMENT=7 DEFAULT CHARSET=utf8 COLLATE=utf8_unicode_ci;

--
-- Dumping data for table `notification_settings`
--

INSERT INTO `notification_settings` (`id`, `user_id`, `answer_question`, `upvote`, `new_follower`, `new_nessage`, `tag_me`, `comment_my`, `created_at`, `updated_at`) VALUES
(6, 1, 'N', 'Y', 'N', 'Y', 'N', 'Y', '2016-11-25 07:40:49', '2016-11-25 07:43:59');

-- --------------------------------------------------------

--
-- Table structure for table `pages`
--

CREATE TABLE IF NOT EXISTS `pages` (
  `id` int(10) unsigned NOT NULL,
  `created_at` timestamp NULL DEFAULT NULL,
  `updated_at` timestamp NULL DEFAULT NULL
) ENGINE=InnoDB AUTO_INCREMENT=12 DEFAULT CHARSET=utf8 COLLATE=utf8_unicode_ci;

--
-- Dumping data for table `pages`
--

INSERT INTO `pages` (`id`, `created_at`, `updated_at`) VALUES
(2, '2016-09-29 03:48:02', '2016-09-29 03:48:02'),
(5, '2016-10-13 02:43:30', '2016-10-13 02:43:30'),
(6, '2016-10-13 03:48:30', '2016-10-13 03:48:30'),
(7, '2016-10-14 01:17:00', '2016-10-14 01:17:00'),
(8, '2016-10-14 01:19:47', '2016-10-14 01:19:47'),
(9, '2016-10-14 01:21:13', '2016-10-14 01:21:13'),
(10, '2016-10-14 01:23:29', '2016-10-14 01:23:29'),
(11, '2016-10-14 01:24:34', '2016-10-14 01:24:34');

-- --------------------------------------------------------

--
-- Table structure for table `page_translations`
--

CREATE TABLE IF NOT EXISTS `page_translations` (
  `id` int(10) unsigned NOT NULL,
  `page_id` int(10) unsigned NOT NULL,
  `slug` varchar(255) COLLATE utf8_unicode_ci NOT NULL,
  `title` varchar(255) COLLATE utf8_unicode_ci NOT NULL,
  `page_content` text COLLATE utf8_unicode_ci NOT NULL,
  `locale` varchar(255) COLLATE utf8_unicode_ci NOT NULL,
  `seo_title` varchar(255) COLLATE utf8_unicode_ci NOT NULL,
  `seo_keywords` text COLLATE utf8_unicode_ci NOT NULL,
  `seo_description` text COLLATE utf8_unicode_ci NOT NULL
) ENGINE=InnoDB AUTO_INCREMENT=14 DEFAULT CHARSET=utf8 COLLATE=utf8_unicode_ci;

--
-- Dumping data for table `page_translations`
--

INSERT INTO `page_translations` (`id`, `page_id`, `slug`, `title`, `page_content`, `locale`, `seo_title`, `seo_keywords`, `seo_description`) VALUES
(3, 2, 'stories', 'Stories', 'EnLorem Ipsum is simply dummy text of the printing and typesetting industry. Lorem Ipsum has been the industry''s standard dummy text ever since the 1500s, when an unknown printer took a galley of type and scrambled it to make a type specimen book.\r\n\r\nIt has survived not only five centuries, but also the leap into electronic typesetting, remaining essentially unchanged. It was popularised in the 1960s with the release of Letraset sheets containing Lorem Ipsum passages, and more recently with desktop publishing software like Aldus PageMaker including versions of Lorem Ipsum.\r\n\r\nLorem Ipsum is simply dummy text of the printing and typesetting industry. Lorem Ipsum has been the industry''s standard dummy text ever since the 1500s, when an unknown printer took a galley of type and scrambled it to make a type specimen book.\r\n\r\nIt has survived not only five centuries, but also the leap into electronic typesetting, remaining essentially unchanged. It was popularised in the 1960s with the release of Letraset sheets containing Lorem Ipsum passages, and more recently with desktop publishing software like Aldus PageMaker including versions of Lorem Ipsum.', 'en', 'Stories', '\r\nIt has survived not only five centuries, but also the leap into electronic typesetting, remaining essentially unchanged. It was popularised in the 1960s with the release of Letraset sheets containing Lorem Ipsum passages, and more recently with desktop publishing software like Aldus PageMaker including versions of Lorem Ipsum.', '\r\nIt has survived not only five centuries, but also the leap into electronic typesetting, remaining essentially unchanged. It was popularised in the 1960s with the release of Letraset sheets containing Lorem Ipsum passages, and more recently with desktop publishing software like Aldus PageMaker including versions of Lorem Ipsum.'),
(5, 6, 'about-us', 'About Us', 'Lorem Ipsum is simply dummy text of the printing and typesetting industry. Lorem Ipsum has been the industry''s standard dummy text ever since the 1500s, when an unknown printer took a galley of type and scrambled it to make a type specimen book. It has survived not only five centuries, but also the leap into electronic typesetting, remaining essentially unchanged. It was popularised in the 1960s with the release of Letraset sheets containing Lorem Ipsum passages, and more recently with desktop publishing software like Aldus PageMaker including versions of Lorem Ipsum. Lorem Ipsum is simply dummy text of the printing and typesetting industry. Lorem Ipsum has been the industry''s standard dummy text ever since the 1500s, when an unknown printer took a galley of type and scrambled it to make a type specimen book. It has survived not only five centuries, but also the leap into electronic typesetting, remaining essentially unchanged. It was popularised in the 1960s with the release of Letraset sheets containing Lorem Ipsum passages, and more recently with desktop publishing software like Aldus PageMaker including versions of Lorem Ipsum.', 'en', 'ttt', 'ing, remaining essentially unchanged. It was popularised in the 1960s with the release of Letraset sheets containing Lorem Ipsum passages, and more recently with desktop publishing software like Aldus PageMaker including versions of Lorem Ipsum. Lorem Ipsum is simply dummy text of the printing and typesetting industry. Lorem Ipsum has been the indu', 'It was popularised in the 1960s with the release of Letraset sheets containing Lorem Ipsum passages, and more recently with desktop publishing software like Aldus PageMaker including versions of Lorem Ipsum. Lorem Ipsum is simply dummy text of the printing and typesetting industry. Lorem Ipsum has been the indu'),
(8, 6, 'about-us', 'About Pl', 'PLorem Ipsum is simply dummy text of the printing and typesetting industry. Lorem Ipsum has been the industry''s standard dummy text ever since the 1500s, when an unknown printer took a galley of type and scrambled it to make a type specimen book. It has survived not only five centuries, but also the leap into electronic typesetting, remaining essentially unchanged. It was popularised in the 1960s with the release of Letraset sheets containing Lorem Ipsum passages, and more recently with desktop publishing software like Aldus PageMaker including versions of Lorem Ipsum. Lorem Ipsum is simply dummy text of the printing and typesetting industry. Lorem Ipsum has been the industry''s standard dummy text ever since the 1500s, when an unknown printer took a galley of type and scrambled it to make a type specimen book. It has survived not only five centuries, but also the leap into electronic typesetting, remaining essentially unchanged. It was popularised in the 1960s with the release of Letraset sheets containing Lorem Ipsum passages, and more recently with desktop publishing software like Aldus PageMaker including versions of Lorem Ipsum.', 'pl', 'ddd', 'It was popularised in the 1960s with the release of Letraset sheets containing Lorem Ipsum passages, and more recently with desktop publishing software like Aldus PageMaker including versions of Lorem Ipsum. Lorem Ipsum is simply dummy text of the printing and typesetting industry. Lorem Ipsum has been the indu', ' Aldus PageMaker including versions of Lorem Ipsum. Lorem Ipsum is simply dummy text of the printing and typesetting industry. Lorem Ipsum has been the ing, remaining essentially unchanged. It was popularised in the 1960s with the release of Letraset sheets containing Lorem Ipsum passages, and more recently with desktop publishing software like Aldus PageMaker including versions of Lorem Ipsum. Lorem Ipsum is simply dummy text of the printing and typesetting industry. Lorem Ipsum has been the indu'),
(11, 2, 'stories', 'Stories', '\r\nIt has survived not only five centuries, but also the leap into electronic typesetting, remaining essentially unchanged. It was popularised in the 1960s with the release of Letraset sheets containing Lorem Ipsum passages, and more recently with desktop publishing software like Aldus PageMaker including versions of Lorem Ipsum.', 'pl', 'ddd', '\r\nIt has survived not only five centuries, but also the leap into electronic typesetting, remaining essentially unchanged. It was popularised in the 1960s with the release of Letraset sheets containing Lorem Ipsum passages, and more recently with desktop publishing software like Aldus PageMaker including versions of Lorem Ipsum.', ''),
(12, 11, 'contact-us', 'Contact Us', '', 'en', 'Contact Us', 'Contact Us', 'Contact Us'),
(13, 11, 'contact-us', 'Contact Us', '', 'pl', 'Contact Us', 'Contact Us', 'Contact Us');

-- --------------------------------------------------------

--
-- Table structure for table `password_resets`
--

CREATE TABLE IF NOT EXISTS `password_resets` (
  `email` varchar(255) COLLATE utf8_unicode_ci NOT NULL,
  `token` varchar(255) COLLATE utf8_unicode_ci NOT NULL,
  `created_at` timestamp NULL DEFAULT NULL
) ENGINE=InnoDB DEFAULT CHARSET=utf8 COLLATE=utf8_unicode_ci;

-- --------------------------------------------------------

--
-- Table structure for table `privacy_settings`
--

CREATE TABLE IF NOT EXISTS `privacy_settings` (
  `id` int(10) unsigned NOT NULL,
  `user_id` int(10) unsigned NOT NULL,
  `online` enum('Y','N') COLLATE utf8_unicode_ci NOT NULL DEFAULT 'Y' COMMENT 'Y = Yes, N = No',
  `other_view_account` enum('Y','N') COLLATE utf8_unicode_ci NOT NULL DEFAULT 'Y' COMMENT 'Y = Yes, N = No',
  `want_receive_message` enum('S','A','N') COLLATE utf8_unicode_ci NOT NULL DEFAULT 'A' COMMENT 'Y = Specific People, A = Anyone, N = No',
  `decline_request` enum('Y','N') COLLATE utf8_unicode_ci NOT NULL DEFAULT 'N' COMMENT 'Y = Yes, N = No',
  `max_request` int(10) unsigned NOT NULL,
  `request_intelval` enum('D','M') COLLATE utf8_unicode_ci NOT NULL DEFAULT 'D' COMMENT 'D = Per Day, M = Per Month',
  `allow_comments` enum('Y','N') COLLATE utf8_unicode_ci NOT NULL DEFAULT 'N' COMMENT 'Y = Yes, N = No',
  `deactivate_account` enum('Y','N') COLLATE utf8_unicode_ci NOT NULL DEFAULT 'N' COMMENT 'Y = Yes, N = No',
  `created_at` timestamp NULL DEFAULT NULL,
  `updated_at` timestamp NULL DEFAULT NULL
) ENGINE=InnoDB AUTO_INCREMENT=2 DEFAULT CHARSET=utf8 COLLATE=utf8_unicode_ci;

--
-- Dumping data for table `privacy_settings`
--

INSERT INTO `privacy_settings` (`id`, `user_id`, `online`, `other_view_account`, `want_receive_message`, `decline_request`, `max_request`, `request_intelval`, `allow_comments`, `deactivate_account`, `created_at`, `updated_at`) VALUES
(1, 1, 'N', 'N', 'A', 'N', 0, 'D', 'N', 'Y', '2016-11-25 06:18:39', '2016-11-25 09:03:43');

-- --------------------------------------------------------

--
-- Table structure for table `question_follows`
--

CREATE TABLE IF NOT EXISTS `question_follows` (
  `id` int(10) unsigned NOT NULL,
  `question_id` int(11) unsigned DEFAULT NULL,
  `followed_by` int(11) unsigned DEFAULT NULL,
  `created_at` timestamp NOT NULL DEFAULT '0000-00-00 00:00:00',
  `updated_at` timestamp NOT NULL DEFAULT '0000-00-00 00:00:00'
) ENGINE=InnoDB AUTO_INCREMENT=5 DEFAULT CHARSET=utf8 COLLATE=utf8_unicode_ci;

--
-- Dumping data for table `question_follows`
--

INSERT INTO `question_follows` (`id`, `question_id`, `followed_by`, `created_at`, `updated_at`) VALUES
(3, 7, 1, '2017-03-20 07:55:38', '2017-03-20 07:55:38'),
(4, 17, 1, '2017-03-20 07:56:56', '2017-03-20 07:56:56');

-- --------------------------------------------------------

--
-- Table structure for table `question_forwards`
--

CREATE TABLE IF NOT EXISTS `question_forwards` (
  `id` int(10) unsigned NOT NULL,
  `question_id` int(10) unsigned NOT NULL,
  `from_user` int(10) unsigned NOT NULL,
  `to_user` int(10) unsigned NOT NULL,
  `created_at` timestamp NULL DEFAULT NULL,
  `updated_at` timestamp NULL DEFAULT NULL
) ENGINE=InnoDB AUTO_INCREMENT=3 DEFAULT CHARSET=utf8 COLLATE=utf8_unicode_ci;

--
-- Dumping data for table `question_forwards`
--

INSERT INTO `question_forwards` (`id`, `question_id`, `from_user`, `to_user`, `created_at`, `updated_at`) VALUES
(1, 7, 1, 17, '2017-02-14 09:00:40', '2017-02-14 09:00:40'),
(2, 7, 1, 19, '2017-02-14 09:00:40', '2017-02-14 09:00:40');

-- --------------------------------------------------------

--
-- Table structure for table `school_majors`
--

CREATE TABLE IF NOT EXISTS `school_majors` (
  `id` int(10) unsigned NOT NULL,
  `title` varchar(255) CHARACTER SET utf8 COLLATE utf8_unicode_ci NOT NULL,
  `created_at` timestamp NOT NULL DEFAULT '0000-00-00 00:00:00',
  `updated_at` timestamp NOT NULL DEFAULT '0000-00-00 00:00:00'
) ENGINE=InnoDB AUTO_INCREMENT=24 DEFAULT CHARSET=latin1;

--
-- Dumping data for table `school_majors`
--

INSERT INTO `school_majors` (`id`, `title`, `created_at`, `updated_at`) VALUES
(1, 'Kỹ thuật Hóa học', '2016-11-14 18:30:00', '2016-11-14 18:30:00'),
(2, 'Kỹ thuật Hóa dầu', '2016-11-14 18:30:00', '2016-11-14 18:30:00'),
(3, 'Kỹ thuật Sinh học', '2016-11-14 18:30:00', '2016-11-14 18:30:00'),
(4, 'Kỹ thuật Thực phẩm', '2016-11-14 18:30:00', '2016-11-14 18:30:00'),
(5, 'Khoa học và Kỹ thuật Môi trường', '2016-11-14 18:30:00', '2016-11-14 18:30:00'),
(6, 'Kỹ thuật Dệt-May', '2016-11-14 18:30:00', '2016-11-14 18:30:00'),
(7, 'Kỹ thuật Luyện kim', '2016-11-14 18:30:00', '2016-11-14 18:30:00'),
(8, 'Khoa học và Kỹ thuật Vật liệu (CT tiên tiến)', '2016-11-14 18:30:00', '2016-11-14 18:30:00'),
(9, 'Kỹ thuật Nhiệt-Lạnh', '2016-11-14 18:30:00', '2016-11-14 18:30:00'),
(10, 'Vật lý Kỹ thuật', '2016-11-14 18:30:00', '2016-11-14 18:30:00'),
(11, 'Kỹ thuật Hạt nhân', '2016-11-14 18:30:00', '2016-11-14 18:30:00'),
(12, 'Kinh tế và Quản trị kinh doanh', '2016-11-14 18:30:00', '2016-11-14 18:30:00'),
(13, 'Sư phạm kỹ thuật', '2016-11-14 18:30:00', '2016-11-14 18:30:00'),
(14, 'Tiếng Anh Khoa học Kỹ thuật và Công nghệ', '2016-11-14 18:30:00', '2016-11-14 18:30:00'),
(15, 'Kỹ thuật Cơ khí động lực', '2016-11-14 18:30:00', '2016-11-14 18:30:00'),
(16, 'Công nghệ thông tin', '2016-11-14 18:30:00', '2016-11-14 18:30:00'),
(17, 'Kỹ thuật máy tính và truyền thông', '2016-11-14 18:30:00', '2016-11-14 18:30:00'),
(18, 'Khoa học và Kỹ thuật vật liệu  kim loại', '2016-11-14 18:30:00', '2016-11-14 18:30:00'),
(19, 'Cơ học kỹ thuật', '2016-11-14 18:30:00', '2016-11-14 18:30:00'),
(20, 'Cơ điện tử', '2016-11-14 18:30:00', '2016-11-14 18:30:00'),
(21, 'demo1', '2017-01-04 07:52:24', '2017-01-04 07:52:24'),
(22, 'demo2', '2017-01-04 07:52:24', '2017-01-04 07:52:24'),
(23, 'demo3', '2017-01-04 07:52:24', '2017-01-04 07:52:24');

-- --------------------------------------------------------

--
-- Table structure for table `settings`
--

CREATE TABLE IF NOT EXISTS `settings` (
  `id` int(10) unsigned NOT NULL,
  `admin_name` varchar(255) COLLATE utf8_unicode_ci NOT NULL,
  `admin_email` varchar(255) COLLATE utf8_unicode_ci NOT NULL,
  `site_title` varchar(255) COLLATE utf8_unicode_ci NOT NULL,
  `contact_email` varchar(255) COLLATE utf8_unicode_ci NOT NULL,
  `contact_name` varchar(255) COLLATE utf8_unicode_ci NOT NULL,
  `contact_phone` varchar(255) COLLATE utf8_unicode_ci NOT NULL,
  `site_logo` varchar(255) COLLATE utf8_unicode_ci NOT NULL,
  `site_fb_link` varchar(255) COLLATE utf8_unicode_ci NOT NULL,
  `site_twitter_link` varchar(255) COLLATE utf8_unicode_ci NOT NULL,
  `site_gplus_link` varchar(255) COLLATE utf8_unicode_ci NOT NULL,
  `site_linkedin_link` varchar(255) COLLATE utf8_unicode_ci NOT NULL,
  `site_pinterest_link` varchar(255) COLLATE utf8_unicode_ci NOT NULL,
  `created_at` timestamp NULL DEFAULT NULL,
  `updated_at` timestamp NULL DEFAULT NULL,
  `seo_title` varchar(255) COLLATE utf8_unicode_ci NOT NULL,
  `seo_keywords` text COLLATE utf8_unicode_ci NOT NULL,
  `seo_description` text COLLATE utf8_unicode_ci NOT NULL,
  `contact_address` text COLLATE utf8_unicode_ci NOT NULL,
  `lat` varchar(255) COLLATE utf8_unicode_ci NOT NULL,
  `lng` varchar(255) COLLATE utf8_unicode_ci NOT NULL
) ENGINE=InnoDB AUTO_INCREMENT=2 DEFAULT CHARSET=utf8 COLLATE=utf8_unicode_ci;

--
-- Dumping data for table `settings`
--

INSERT INTO `settings` (`id`, `admin_name`, `admin_email`, `site_title`, `contact_email`, `contact_name`, `contact_phone`, `site_logo`, `site_fb_link`, `site_twitter_link`, `site_gplus_link`, `site_linkedin_link`, `site_pinterest_link`, `created_at`, `updated_at`, `seo_title`, `seo_keywords`, `seo_description`, `contact_address`, `lat`, `lng`) VALUES
(1, 'Admin', 'admin@admin.com', 'iKnow', 'info@admin.com', 'Contact Quiz Site', '9234567890', '1490966443sKYUzUEZIi.png', 'https://www.facebook.com/example', 'https://www.twitter.com/example', 'https://plus.google.com/u/0/+example', 'https://www.linkedin.com/example', 'https://www.pinterest.com/example', NULL, '2017-03-31 07:50:43', 'iKnow', '', '', '', '', '');

-- --------------------------------------------------------

--
-- Table structure for table `timezones`
--

CREATE TABLE IF NOT EXISTS `timezones` (
  `id` int(10) unsigned NOT NULL,
  `CountryCode` char(2) NOT NULL,
  `Coordinates` char(15) NOT NULL,
  `TimeZone` char(32) NOT NULL,
  `Comments` varchar(85) NOT NULL,
  `UTC_offset` char(8) NOT NULL,
  `UTC_DST_offset` char(8) NOT NULL,
  `Notes` varchar(79) DEFAULT NULL
) ENGINE=InnoDB AUTO_INCREMENT=549 DEFAULT CHARSET=utf8;

--
-- Dumping data for table `timezones`
--

INSERT INTO `timezones` (`id`, `CountryCode`, `Coordinates`, `TimeZone`, `Comments`, `UTC_offset`, `UTC_DST_offset`, `Notes`) VALUES
(1, 'CI', '+0519-00402', 'Africa/Abidjan', '', '+00:00', '+00:00', ''),
(2, 'GH', '+0533-00013', 'Africa/Accra', '', '+00:00', '+00:00', ''),
(3, 'ET', '+0902+03842', 'Africa/Addis_Ababa', '', '+03:00', '+03:00', ''),
(4, 'DZ', '+3647+00303', 'Africa/Algiers', '', '+01:00', '+01:00', ''),
(5, 'ER', '+1520+03853', 'Africa/Asmara', '', '+03:00', '+03:00', ''),
(6, '', '', 'Africa/Asmera', '', '+03:00', '+03:00', 'Link to Africa/Asmara'),
(7, 'ML', '+1239-00800', 'Africa/Bamako', '', '+00:00', '+00:00', ''),
(8, 'CF', '+0422+01835', 'Africa/Bangui', '', '+01:00', '+01:00', ''),
(9, 'GM', '+1328-01639', 'Africa/Banjul', '', '+00:00', '+00:00', ''),
(10, 'GW', '+1151-01535', 'Africa/Bissau', '', '+00:00', '+00:00', ''),
(11, 'MW', '-1547+03500', 'Africa/Blantyre', '', '+02:00', '+02:00', ''),
(12, 'CG', '-0416+01517', 'Africa/Brazzaville', '', '+01:00', '+01:00', ''),
(13, 'BI', '-0323+02922', 'Africa/Bujumbura', '', '+02:00', '+02:00', ''),
(14, 'EG', '+3003+03115', 'Africa/Cairo', '', '+02:00', '+02:00', 'DST has been canceled since 2011'),
(15, 'MA', '+3339-00735', 'Africa/Casablanca', '', '+00:00', '+01:00', ''),
(16, 'ES', '+3553-00519', 'Africa/Ceuta', 'Ceuta & Melilla', '+01:00', '+02:00', ''),
(17, 'GN', '+0931-01343', 'Africa/Conakry', '', '+00:00', '+00:00', ''),
(18, 'SN', '+1440-01726', 'Africa/Dakar', '', '+00:00', '+00:00', ''),
(19, 'TZ', '-0648+03917', 'Africa/Dar_es_Salaam', '', '+03:00', '+03:00', ''),
(20, 'DJ', '+1136+04309', 'Africa/Djibouti', '', '+03:00', '+03:00', ''),
(21, 'CM', '+0403+00942', 'Africa/Douala', '', '+01:00', '+01:00', ''),
(22, 'EH', '+2709-01312', 'Africa/El_Aaiun', '', '+00:00', '+00:00', ''),
(23, 'SL', '+0830-01315', 'Africa/Freetown', '', '+00:00', '+00:00', ''),
(24, 'BW', '-2439+02555', 'Africa/Gaborone', '', '+02:00', '+02:00', ''),
(25, 'ZW', '-1750+03103', 'Africa/Harare', '', '+02:00', '+02:00', ''),
(26, 'ZA', '-2615+02800', 'Africa/Johannesburg', '', '+02:00', '+02:00', ''),
(27, 'SS', '+0451+03136', 'Africa/Juba', '', '+03:00', '+03:00', ''),
(28, 'UG', '+0019+03225', 'Africa/Kampala', '', '+03:00', '+03:00', ''),
(29, 'SD', '+1536+03232', 'Africa/Khartoum', '', '+03:00', '+03:00', ''),
(30, 'RW', '-0157+03004', 'Africa/Kigali', '', '+02:00', '+02:00', ''),
(31, 'CD', '-0418+01518', 'Africa/Kinshasa', 'west Dem. Rep. of Congo', '+01:00', '+01:00', ''),
(32, 'NG', '+0627+00324', 'Africa/Lagos', '', '+01:00', '+01:00', ''),
(33, 'GA', '+0023+00927', 'Africa/Libreville', '', '+01:00', '+01:00', ''),
(34, 'TG', '+0608+00113', 'Africa/Lome', '', '+00:00', '+00:00', ''),
(35, 'AO', '-0848+01314', 'Africa/Luanda', '', '+01:00', '+01:00', ''),
(36, 'CD', '-1140+02728', 'Africa/Lubumbashi', 'east Dem. Rep. of Congo', '+02:00', '+02:00', ''),
(37, 'ZM', '-1525+02817', 'Africa/Lusaka', '', '+02:00', '+02:00', ''),
(38, 'GQ', '+0345+00847', 'Africa/Malabo', '', '+01:00', '+01:00', ''),
(39, 'MZ', '-2558+03235', 'Africa/Maputo', '', '+02:00', '+02:00', ''),
(40, 'LS', '-2928+02730', 'Africa/Maseru', '', '+02:00', '+02:00', ''),
(41, 'SZ', '-2618+03106', 'Africa/Mbabane', '', '+02:00', '+02:00', ''),
(42, 'SO', '+0204+04522', 'Africa/Mogadishu', '', '+03:00', '+03:00', ''),
(43, 'LR', '+0618-01047', 'Africa/Monrovia', '', '+00:00', '+00:00', ''),
(44, 'KE', '-0117+03649', 'Africa/Nairobi', '', '+03:00', '+03:00', ''),
(45, 'TD', '+1207+01503', 'Africa/Ndjamena', '', '+01:00', '+01:00', ''),
(46, 'NE', '+1331+00207', 'Africa/Niamey', '', '+01:00', '+01:00', ''),
(47, 'MR', '+1806-01557', 'Africa/Nouakchott', '', '+00:00', '+00:00', ''),
(48, 'BF', '+1222-00131', 'Africa/Ouagadougou', '', '+00:00', '+00:00', ''),
(49, 'BJ', '+0629+00237', 'Africa/Porto-Novo', '', '+01:00', '+01:00', ''),
(50, 'ST', '+0020+00644', 'Africa/Sao_Tome', '', '+00:00', '+00:00', ''),
(51, '', '', 'Africa/Timbuktu', '', '+00:00', '+00:00', 'Link to Africa/Bamako'),
(52, 'LY', '+3254+01311', 'Africa/Tripoli', '', '+01:00', '+02:00', ''),
(53, 'TN', '+3648+01011', 'Africa/Tunis', '', '+01:00', '+01:00', ''),
(54, 'NA', '-2234+01706', 'Africa/Windhoek', '', '+01:00', '+02:00', ''),
(55, '', '', 'AKST9AKDT', '', '−09:00', '−08:00', 'Link to America/Anchorage'),
(56, 'US', '+515248-1763929', 'America/Adak', 'Aleutian Islands', '−10:00', '−09:00', ''),
(57, 'US', '+611305-1495401', 'America/Anchorage', 'Alaska Time', '−09:00', '−08:00', ''),
(58, 'AI', '+1812-06304', 'America/Anguilla', '', '−04:00', '−04:00', ''),
(59, 'AG', '+1703-06148', 'America/Antigua', '', '−04:00', '−04:00', ''),
(60, 'BR', '-0712-04812', 'America/Araguaina', 'Tocantins', '−03:00', '−03:00', ''),
(61, 'AR', '-3436-05827', 'America/Argentina/Buenos_Aires', 'Buenos Aires (BA, CF)', '−03:00', '−03:00', ''),
(62, 'AR', '-2828-06547', 'America/Argentina/Catamarca', 'Catamarca (CT), Chubut (CH)', '−03:00', '−03:00', ''),
(63, '', '', 'America/Argentina/ComodRivadavia', '', '−03:00', '−03:00', 'Link to America/Argentina/Catamarca'),
(64, 'AR', '-3124-06411', 'America/Argentina/Cordoba', 'most locations (CB, CC, CN, ER, FM, MN, SE, SF)', '−03:00', '−03:00', ''),
(65, 'AR', '-2411-06518', 'America/Argentina/Jujuy', 'Jujuy (JY)', '−03:00', '−03:00', ''),
(66, 'AR', '-2926-06651', 'America/Argentina/La_Rioja', 'La Rioja (LR)', '−03:00', '−03:00', ''),
(67, 'AR', '-3253-06849', 'America/Argentina/Mendoza', 'Mendoza (MZ)', '−03:00', '−03:00', ''),
(68, 'AR', '-5138-06913', 'America/Argentina/Rio_Gallegos', 'Santa Cruz (SC)', '−03:00', '−03:00', ''),
(69, 'AR', '-2447-06525', 'America/Argentina/Salta', '(SA, LP, NQ, RN)', '−03:00', '−03:00', ''),
(70, 'AR', '-3132-06831', 'America/Argentina/San_Juan', 'San Juan (SJ)', '−03:00', '−03:00', ''),
(71, 'AR', '-3319-06621', 'America/Argentina/San_Luis', 'San Luis (SL)', '−03:00', '−03:00', ''),
(72, 'AR', '-2649-06513', 'America/Argentina/Tucuman', 'Tucuman (TM)', '−03:00', '−03:00', ''),
(73, 'AR', '-5448-06818', 'America/Argentina/Ushuaia', 'Tierra del Fuego (TF)', '−03:00', '−03:00', ''),
(74, 'AW', '+1230-06958', 'America/Aruba', '', '−04:00', '−04:00', ''),
(75, 'PY', '-2516-05740', 'America/Asuncion', '', '−04:00', '−03:00', ''),
(76, 'CA', '+484531-0913718', 'America/Atikokan', 'Eastern Standard Time - Atikokan, Ontario and Southampton I, Nunavut', '−05:00', '−05:00', ''),
(77, '', '', 'America/Atka', '', '−10:00', '−09:00', 'Link to America/Adak'),
(78, 'BR', '-1259-03831', 'America/Bahia', 'Bahia', '−03:00', '−03:00', ''),
(79, 'MX', '+2048-10515', 'America/Bahia_Banderas', 'Mexican Central Time - Bahia de Banderas', '−06:00', '−05:00', ''),
(80, 'BB', '+1306-05937', 'America/Barbados', '', '−04:00', '−04:00', ''),
(81, 'BR', '-0127-04829', 'America/Belem', 'Amapa, E Para', '−03:00', '−03:00', ''),
(82, 'BZ', '+1730-08812', 'America/Belize', '', '−06:00', '−06:00', ''),
(83, 'CA', '+5125-05707', 'America/Blanc-Sablon', 'Atlantic Standard Time - Quebec - Lower North Shore', '−04:00', '−04:00', ''),
(84, 'BR', '+0249-06040', 'America/Boa_Vista', 'Roraima', '−04:00', '−04:00', ''),
(85, 'CO', '+0436-07405', 'America/Bogota', '', '−05:00', '−05:00', ''),
(86, 'US', '+433649-1161209', 'America/Boise', 'Mountain Time - south Idaho & east Oregon', '−07:00', '−06:00', ''),
(87, '', '', 'America/Buenos_Aires', '', '−03:00', '−03:00', 'Link to America/Argentina/Buenos_Aires'),
(88, 'CA', '+690650-1050310', 'America/Cambridge_Bay', 'Mountain Time - west Nunavut', '−07:00', '−06:00', ''),
(89, 'BR', '-2027-05437', 'America/Campo_Grande', 'Mato Grosso do Sul', '−04:00', '−03:00', ''),
(90, 'MX', '+2105-08646', 'America/Cancun', 'Central Time - Quintana Roo', '−06:00', '−05:00', ''),
(91, 'VE', '+1030-06656', 'America/Caracas', '', '−04:30', '−04:30', ''),
(92, '', '', 'America/Catamarca', '', '−03:00', '−03:00', 'Link to America/Argentina/Catamarca'),
(93, 'GF', '+0456-05220', 'America/Cayenne', '', '−03:00', '−03:00', ''),
(94, 'KY', '+1918-08123', 'America/Cayman', '', '−05:00', '−05:00', ''),
(95, 'US', '+415100-0873900', 'America/Chicago', 'Central Time', '−06:00', '−05:00', ''),
(96, 'MX', '+2838-10605', 'America/Chihuahua', 'Mexican Mountain Time - Chihuahua away from US border', '−07:00', '−06:00', ''),
(97, '', '', 'America/Coral_Harbour', '', '−05:00', '−05:00', 'Link to America/Atikokan'),
(98, '', '', 'America/Cordoba', '', '−03:00', '−03:00', 'Link to America/Argentina/Cordoba'),
(99, 'CR', '+0956-08405', 'America/Costa_Rica', '', '−06:00', '−06:00', ''),
(100, 'CA', '+4906-11631', 'America/Creston', 'Mountain Standard Time - Creston, British Columbia', '−07:00', '−07:00', ''),
(101, 'BR', '-1535-05605', 'America/Cuiaba', 'Mato Grosso', '−04:00', '−03:00', ''),
(102, 'CW', '+1211-06900', 'America/Curacao', '', '−04:00', '−04:00', ''),
(103, 'GL', '+7646-01840', 'America/Danmarkshavn', 'east coast, north of Scoresbysund', '+00:00', '+00:00', ''),
(104, 'CA', '+6404-13925', 'America/Dawson', 'Pacific Time - north Yukon', '−08:00', '−07:00', ''),
(105, 'CA', '+5946-12014', 'America/Dawson_Creek', 'Mountain Standard Time - Dawson Creek & Fort Saint John, British Columbia', '−07:00', '−07:00', ''),
(106, 'US', '+394421-1045903', 'America/Denver', 'Mountain Time', '−07:00', '−06:00', ''),
(107, 'US', '+421953-0830245', 'America/Detroit', 'Eastern Time - Michigan - most locations', '−05:00', '−04:00', ''),
(108, 'DM', '+1518-06124', 'America/Dominica', '', '−04:00', '−04:00', ''),
(109, 'CA', '+5333-11328', 'America/Edmonton', 'Mountain Time - Alberta, east British Columbia & west Saskatchewan', '−07:00', '−06:00', ''),
(110, 'BR', '-0640-06952', 'America/Eirunepe', 'W Amazonas', '−04:00', '−04:00', ''),
(111, 'SV', '+1342-08912', 'America/El_Salvador', '', '−06:00', '−06:00', ''),
(112, '', '', 'America/Ensenada', '', '−08:00', '−07:00', 'Link to America/Tijuana'),
(113, 'BR', '-0343-03830', 'America/Fortaleza', 'NE Brazil (MA, PI, CE, RN, PB)', '−03:00', '−03:00', ''),
(114, '', '', 'America/Fort_Wayne', '', '−05:00', '−04:00', 'Link to America/Indiana/Indianapolis'),
(115, 'CA', '+4612-05957', 'America/Glace_Bay', 'Atlantic Time - Nova Scotia - places that did not observe DST 1966-1971', '−04:00', '−03:00', ''),
(116, 'GL', '+6411-05144', 'America/Godthab', 'most locations', '−03:00', '−02:00', ''),
(117, 'CA', '+5320-06025', 'America/Goose_Bay', 'Atlantic Time - Labrador - most locations', '−04:00', '−03:00', ''),
(118, 'TC', '+2128-07108', 'America/Grand_Turk', '', '−05:00', '−04:00', ''),
(119, 'GD', '+1203-06145', 'America/Grenada', '', '−04:00', '−04:00', ''),
(120, 'GP', '+1614-06132', 'America/Guadeloupe', '', '−04:00', '−04:00', ''),
(121, 'GT', '+1438-09031', 'America/Guatemala', '', '−06:00', '−06:00', ''),
(122, 'EC', '-0210-07950', 'America/Guayaquil', 'mainland', '−05:00', '−05:00', ''),
(123, 'GY', '+0648-05810', 'America/Guyana', '', '−04:00', '−04:00', ''),
(124, 'CA', '+4439-06336', 'America/Halifax', 'Atlantic Time - Nova Scotia (most places), PEI', '−04:00', '−03:00', ''),
(125, 'CU', '+2308-08222', 'America/Havana', '', '−05:00', '−04:00', ''),
(126, 'MX', '+2904-11058', 'America/Hermosillo', 'Mountain Standard Time - Sonora', '−07:00', '−07:00', ''),
(127, 'US', '+394606-0860929', 'America/Indiana/Indianapolis', 'Eastern Time - Indiana - most locations', '−05:00', '−04:00', ''),
(128, 'US', '+411745-0863730', 'America/Indiana/Knox', 'Central Time - Indiana - Starke County', '−06:00', '−05:00', ''),
(129, 'US', '+382232-0862041', 'America/Indiana/Marengo', 'Eastern Time - Indiana - Crawford County', '−05:00', '−04:00', ''),
(130, 'US', '+382931-0871643', 'America/Indiana/Petersburg', 'Eastern Time - Indiana - Pike County', '−05:00', '−04:00', ''),
(131, 'US', '+375711-0864541', 'America/Indiana/Tell_City', 'Central Time - Indiana - Perry County', '−06:00', '−05:00', ''),
(132, 'US', '+384452-0850402', 'America/Indiana/Vevay', 'Eastern Time - Indiana - Switzerland County', '−05:00', '−04:00', ''),
(133, 'US', '+384038-0873143', 'America/Indiana/Vincennes', 'Eastern Time - Indiana - Daviess, Dubois, Knox & Martin Counties', '−05:00', '−04:00', ''),
(134, 'US', '+410305-0863611', 'America/Indiana/Winamac', 'Eastern Time - Indiana - Pulaski County', '−05:00', '−04:00', ''),
(135, '', '', 'America/Indianapolis', '', '−05:00', '−04:00', 'Link to America/Indiana/Indianapolis'),
(136, 'CA', '+682059-1334300', 'America/Inuvik', 'Mountain Time - west Northwest Territories', '−07:00', '−06:00', ''),
(137, 'CA', '+6344-06828', 'America/Iqaluit', 'Eastern Time - east Nunavut - most locations', '−05:00', '−04:00', ''),
(138, 'JM', '+1800-07648', 'America/Jamaica', '', '−05:00', '−05:00', ''),
(139, '', '', 'America/Jujuy', '', '−03:00', '−03:00', 'Link to America/Argentina/Jujuy'),
(140, 'US', '+581807-1342511', 'America/Juneau', 'Alaska Time - Alaska panhandle', '−09:00', '−08:00', ''),
(141, 'US', '+381515-0854534', 'America/Kentucky/Louisville', 'Eastern Time - Kentucky - Louisville area', '−05:00', '−04:00', ''),
(142, 'US', '+364947-0845057', 'America/Kentucky/Monticello', 'Eastern Time - Kentucky - Wayne County', '−05:00', '−04:00', ''),
(143, '', '', 'America/Knox_IN', '', '−06:00', '−05:00', 'Link to America/Indiana/Knox'),
(144, 'BQ', '+120903-0681636', 'America/Kralendijk', '', '−04:00', '−04:00', 'Link to America/Curacao'),
(145, 'BO', '-1630-06809', 'America/La_Paz', '', '−04:00', '−04:00', ''),
(146, 'PE', '-1203-07703', 'America/Lima', '', '−05:00', '−05:00', ''),
(147, 'US', '+340308-1181434', 'America/Los_Angeles', 'Pacific Time', '−08:00', '−07:00', ''),
(148, '', '', 'America/Louisville', '', '−05:00', '−04:00', 'Link to America/Kentucky/Louisville'),
(149, 'SX', '+180305-0630250', 'America/Lower_Princes', '', '−04:00', '−04:00', 'Link to America/Curacao'),
(150, 'BR', '-0940-03543', 'America/Maceio', 'Alagoas, Sergipe', '−03:00', '−03:00', ''),
(151, 'NI', '+1209-08617', 'America/Managua', '', '−06:00', '−06:00', ''),
(152, 'BR', '-0308-06001', 'America/Manaus', 'E Amazonas', '−04:00', '−04:00', ''),
(153, 'MF', '+1804-06305', 'America/Marigot', '', '−04:00', '−04:00', 'Link to America/Guadeloupe'),
(154, 'MQ', '+1436-06105', 'America/Martinique', '', '−04:00', '−04:00', ''),
(155, 'MX', '+2550-09730', 'America/Matamoros', 'US Central Time - Coahuila, Durango, Nuevo León, Tamaulipas near US border', '−06:00', '−05:00', ''),
(156, 'MX', '+2313-10625', 'America/Mazatlan', 'Mountain Time - S Baja, Nayarit, Sinaloa', '−07:00', '−06:00', ''),
(157, '', '', 'America/Mendoza', '', '−03:00', '−03:00', 'Link to America/Argentina/Mendoza'),
(158, 'US', '+450628-0873651', 'America/Menominee', 'Central Time - Michigan - Dickinson, Gogebic, Iron & Menominee Counties', '−06:00', '−05:00', ''),
(159, 'MX', '+2058-08937', 'America/Merida', 'Central Time - Campeche, Yucatán', '−06:00', '−05:00', ''),
(160, 'US', '+550737-1313435', 'America/Metlakatla', 'Metlakatla Time - Annette Island', '−08:00', '−08:00', ''),
(161, 'MX', '+1924-09909', 'America/Mexico_City', 'Central Time - most locations', '−06:00', '−05:00', ''),
(162, 'PM', '+4703-05620', 'America/Miquelon', '', '−03:00', '−02:00', ''),
(163, 'CA', '+4606-06447', 'America/Moncton', 'Atlantic Time - New Brunswick', '−04:00', '−03:00', ''),
(164, 'MX', '+2540-10019', 'America/Monterrey', 'Mexican Central Time - Coahuila, Durango, Nuevo León, Tamaulipas away from US border', '−06:00', '−05:00', ''),
(165, 'UY', '-3453-05611', 'America/Montevideo', '', '−03:00', '−02:00', ''),
(166, 'CA', '+4531-07334', 'America/Montreal', 'Eastern Time - Quebec - most locations', '−05:00', '−04:00', ''),
(167, 'MS', '+1643-06213', 'America/Montserrat', '', '−04:00', '−04:00', ''),
(168, 'BS', '+2505-07721', 'America/Nassau', '', '−05:00', '−04:00', ''),
(169, 'US', '+404251-0740023', 'America/New_York', 'Eastern Time', '−05:00', '−04:00', ''),
(170, 'CA', '+4901-08816', 'America/Nipigon', 'Eastern Time - Ontario & Quebec - places that did not observe DST 1967-1973', '−05:00', '−04:00', ''),
(171, 'US', '+643004-1652423', 'America/Nome', 'Alaska Time - west Alaska', '−09:00', '−08:00', ''),
(172, 'BR', '-0351-03225', 'America/Noronha', 'Atlantic islands', '−02:00', '−02:00', ''),
(173, 'US', '+471551-1014640', 'America/North_Dakota/Beulah', 'Central Time - North Dakota - Mercer County', '−06:00', '−05:00', ''),
(174, 'US', '+470659-1011757', 'America/North_Dakota/Center', 'Central Time - North Dakota - Oliver County', '−06:00', '−05:00', ''),
(175, 'US', '+465042-1012439', 'America/North_Dakota/New_Salem', 'Central Time - North Dakota - Morton County (except Mandan area)', '−06:00', '−05:00', ''),
(176, 'MX', '+2934-10425', 'America/Ojinaga', 'US Mountain Time - Chihuahua near US border', '−07:00', '−06:00', ''),
(177, 'PA', '+0858-07932', 'America/Panama', '', '−05:00', '−05:00', ''),
(178, 'CA', '+6608-06544', 'America/Pangnirtung', 'Eastern Time - Pangnirtung, Nunavut', '−05:00', '−04:00', ''),
(179, 'SR', '+0550-05510', 'America/Paramaribo', '', '−03:00', '−03:00', ''),
(180, 'US', '+332654-1120424', 'America/Phoenix', 'Mountain Standard Time - Arizona', '−07:00', '−07:00', ''),
(181, 'HT', '+1832-07220', 'America/Port-au-Prince', '', '−05:00', '−04:00', ''),
(182, '', '', 'America/Porto_Acre', '', '−04:00', '−04:00', 'Link to America/Rio_Branco'),
(183, 'BR', '-0846-06354', 'America/Porto_Velho', 'Rondonia', '−04:00', '−04:00', ''),
(184, 'TT', '+1039-06131', 'America/Port_of_Spain', '', '−04:00', '−04:00', ''),
(185, 'PR', '+182806-0660622', 'America/Puerto_Rico', '', '−04:00', '−04:00', ''),
(186, 'CA', '+4843-09434', 'America/Rainy_River', 'Central Time - Rainy River & Fort Frances, Ontario', '−06:00', '−05:00', ''),
(187, 'CA', '+624900-0920459', 'America/Rankin_Inlet', 'Central Time - central Nunavut', '−06:00', '−05:00', ''),
(188, 'BR', '-0803-03454', 'America/Recife', 'Pernambuco', '−03:00', '−03:00', ''),
(189, 'CA', '+5024-10439', 'America/Regina', 'Central Standard Time - Saskatchewan - most locations', '−06:00', '−06:00', ''),
(190, 'CA', '+744144-0944945', 'America/Resolute', 'Central Standard Time - Resolute, Nunavut', '−06:00', '−05:00', ''),
(191, 'BR', '-0958-06748', 'America/Rio_Branco', 'Acre', '−04:00', '−04:00', ''),
(192, '', '', 'America/Rosario', '', '−03:00', '−03:00', 'Link to America/Argentina/Cordoba'),
(193, 'BR', '-0226-05452', 'America/Santarem', 'W Para', '−03:00', '−03:00', ''),
(194, 'MX', '+3018-11452', 'America/Santa_Isabel', 'Mexican Pacific Time - Baja California away from US border', '−08:00', '−07:00', ''),
(195, 'CL', '-3327-07040', 'America/Santiago', 'most locations', '−04:00', '−03:00', ''),
(196, 'DO', '+1828-06954', 'America/Santo_Domingo', '', '−04:00', '−04:00', ''),
(197, 'BR', '-2332-04637', 'America/Sao_Paulo', 'S & SE Brazil (GO, DF, MG, ES, RJ, SP, PR, SC, RS)', '−03:00', '−02:00', ''),
(198, 'GL', '+7029-02158', 'America/Scoresbysund', 'Scoresbysund / Ittoqqortoormiit', '−01:00', '+00:00', ''),
(199, 'US', '+364708-1084111', 'America/Shiprock', 'Mountain Time - Navajo', '−07:00', '−06:00', 'Link to America/Denver'),
(200, 'US', '+571035-1351807', 'America/Sitka', 'Alaska Time - southeast Alaska panhandle', '−09:00', '−08:00', ''),
(201, 'BL', '+1753-06251', 'America/St_Barthelemy', '', '−04:00', '−04:00', 'Link to America/Guadeloupe'),
(202, 'CA', '+4734-05243', 'America/St_Johns', 'Newfoundland Time, including SE Labrador', '−03:30', '−02:30', ''),
(203, 'KN', '+1718-06243', 'America/St_Kitts', '', '−04:00', '−04:00', ''),
(204, 'LC', '+1401-06100', 'America/St_Lucia', '', '−04:00', '−04:00', ''),
(205, 'VI', '+1821-06456', 'America/St_Thomas', '', '−04:00', '−04:00', ''),
(206, 'VC', '+1309-06114', 'America/St_Vincent', '', '−04:00', '−04:00', ''),
(207, 'CA', '+5017-10750', 'America/Swift_Current', 'Central Standard Time - Saskatchewan - midwest', '−06:00', '−06:00', ''),
(208, 'HN', '+1406-08713', 'America/Tegucigalpa', '', '−06:00', '−06:00', ''),
(209, 'GL', '+7634-06847', 'America/Thule', 'Thule / Pituffik', '−04:00', '−03:00', ''),
(210, 'CA', '+4823-08915', 'America/Thunder_Bay', 'Eastern Time - Thunder Bay, Ontario', '−05:00', '−04:00', ''),
(211, 'MX', '+3232-11701', 'America/Tijuana', 'US Pacific Time - Baja California near US border', '−08:00', '−07:00', ''),
(212, 'CA', '+4339-07923', 'America/Toronto', 'Eastern Time - Ontario - most locations', '−05:00', '−04:00', ''),
(213, 'VG', '+1827-06437', 'America/Tortola', '', '−04:00', '−04:00', ''),
(214, 'CA', '+4916-12307', 'America/Vancouver', 'Pacific Time - west British Columbia', '−08:00', '−07:00', ''),
(215, '', '', 'America/Virgin', '', '−04:00', '−04:00', 'Link to America/St_Thomas'),
(216, 'CA', '+6043-13503', 'America/Whitehorse', 'Pacific Time - south Yukon', '−08:00', '−07:00', ''),
(217, 'CA', '+4953-09709', 'America/Winnipeg', 'Central Time - Manitoba & west Ontario', '−06:00', '−05:00', ''),
(218, 'US', '+593249-1394338', 'America/Yakutat', 'Alaska Time - Alaska panhandle neck', '−09:00', '−08:00', ''),
(219, 'CA', '+6227-11421', 'America/Yellowknife', 'Mountain Time - central Northwest Territories', '−07:00', '−06:00', ''),
(220, 'AQ', '-6617+11031', 'Antarctica/Casey', 'Casey Station, Bailey Peninsula', '+11:00', '+08:00', ''),
(221, 'AQ', '-6835+07758', 'Antarctica/Davis', 'Davis Station, Vestfold Hills', '+05:00', '+07:00', ''),
(222, 'AQ', '-6640+14001', 'Antarctica/DumontDUrville', 'Dumont-d''Urville Station, Terre Adelie', '+10:00', '+10:00', ''),
(223, 'AQ', '-5430+15857', 'Antarctica/Macquarie', 'Macquarie Island Station, Macquarie Island', '+11:00', '+11:00', ''),
(224, 'AQ', '-6736+06253', 'Antarctica/Mawson', 'Mawson Station, Holme Bay', '+05:00', '+05:00', ''),
(225, 'AQ', '-7750+16636', 'Antarctica/McMurdo', 'McMurdo Station, Ross Island', '+12:00', '+13:00', ''),
(226, 'AQ', '-6448-06406', 'Antarctica/Palmer', 'Palmer Station, Anvers Island', '−04:00', '−03:00', ''),
(227, 'AQ', '-6734-06808', 'Antarctica/Rothera', 'Rothera Station, Adelaide Island', '−03:00', '−03:00', ''),
(228, 'AQ', '-9000+00000', 'Antarctica/South_Pole', 'Amundsen-Scott Station, South Pole', '+12:00', '+13:00', 'Link to Antarctica/McMurdo'),
(229, 'AQ', '-690022+0393524', 'Antarctica/Syowa', 'Syowa Station, E Ongul I', '+03:00', '+03:00', ''),
(230, 'AQ', '-7824+10654', 'Antarctica/Vostok', 'Vostok Station, Lake Vostok', '+06:00', '+06:00', ''),
(231, 'SJ', '+7800+01600', 'Arctic/Longyearbyen', '', '+01:00', '+02:00', 'Link to Europe/Oslo'),
(232, 'YE', '+1245+04512', 'Asia/Aden', '', '+03:00', '+03:00', ''),
(233, 'KZ', '+4315+07657', 'Asia/Almaty', 'most locations', '+06:00', '+06:00', ''),
(234, 'JO', '+3157+03556', 'Asia/Amman', '', '+03:00', '+03:00', ''),
(235, 'RU', '+6445+17729', 'Asia/Anadyr', 'Moscow+08 - Bering Sea', '+12:00', '+12:00', ''),
(236, 'KZ', '+4431+05016', 'Asia/Aqtau', 'Atyrau (Atirau, Gur''yev), Mangghystau (Mankistau)', '+05:00', '+05:00', ''),
(237, 'KZ', '+5017+05710', 'Asia/Aqtobe', 'Aqtobe (Aktobe)', '+05:00', '+05:00', ''),
(238, 'TM', '+3757+05823', 'Asia/Ashgabat', '', '+05:00', '+05:00', ''),
(239, '', '', 'Asia/Ashkhabad', '', '+05:00', '+05:00', 'Link to Asia/Ashgabat'),
(240, 'IQ', '+3321+04425', 'Asia/Baghdad', '', '+03:00', '+03:00', ''),
(241, 'BH', '+2623+05035', 'Asia/Bahrain', '', '+03:00', '+03:00', ''),
(242, 'AZ', '+4023+04951', 'Asia/Baku', '', '+04:00', '+05:00', ''),
(243, 'TH', '+1345+10031', 'Asia/Bangkok', '', '+07:00', '+07:00', ''),
(244, 'LB', '+3353+03530', 'Asia/Beirut', '', '+02:00', '+03:00', ''),
(245, 'KG', '+4254+07436', 'Asia/Bishkek', '', '+06:00', '+06:00', ''),
(246, 'BN', '+0456+11455', 'Asia/Brunei', '', '+08:00', '+08:00', ''),
(247, '', '', 'Asia/Calcutta', '', '+05:30', '+05:30', 'Link to Asia/Kolkata'),
(248, 'MN', '+4804+11430', 'Asia/Choibalsan', 'Dornod, Sukhbaatar', '+08:00', '+08:00', ''),
(249, 'CN', '+2934+10635', 'Asia/Chongqing', 'central China - Sichuan, Yunnan, Guangxi, Shaanxi, Guizhou, etc.', '+08:00', '+08:00', 'Covering historic Kansu-Szechuan time zone.'),
(250, '', '', 'Asia/Chungking', '', '+08:00', '+08:00', 'Link to Asia/Chongqing'),
(251, 'LK', '+0656+07951', 'Asia/Colombo', '', '+05:30', '+05:30', ''),
(252, '', '', 'Asia/Dacca', '', '+06:00', '+06:00', 'Link to Asia/Dhaka'),
(253, 'SY', '+3330+03618', 'Asia/Damascus', '', '+02:00', '+03:00', ''),
(254, 'BD', '+2343+09025', 'Asia/Dhaka', '', '+06:00', '+06:00', ''),
(255, 'TL', '-0833+12535', 'Asia/Dili', '', '+09:00', '+09:00', ''),
(256, 'AE', '+2518+05518', 'Asia/Dubai', '', '+04:00', '+04:00', ''),
(257, 'TJ', '+3835+06848', 'Asia/Dushanbe', '', '+05:00', '+05:00', ''),
(258, 'PS', '+3130+03428', 'Asia/Gaza', 'Gaza Strip', '+02:00', '+03:00', ''),
(259, 'CN', '+4545+12641', 'Asia/Harbin', 'Heilongjiang (except Mohe), Jilin', '+08:00', '+08:00', 'Covering historic Changpai time zone.'),
(260, 'PS', '+313200+0350542', 'Asia/Hebron', 'West Bank', '+02:00', '+03:00', ''),
(261, 'HK', '+2217+11409', 'Asia/Hong_Kong', '', '+08:00', '+08:00', ''),
(262, 'MN', '+4801+09139', 'Asia/Hovd', 'Bayan-Olgiy, Govi-Altai, Hovd, Uvs, Zavkhan', '+07:00', '+07:00', ''),
(263, 'VN', '+1045+10640', 'Asia/Ho_Chi_Minh', '', '+07:00', '+07:00', ''),
(264, 'RU', '+5216+10420', 'Asia/Irkutsk', 'Moscow+05 - Lake Baikal', '+09:00', '+09:00', ''),
(265, '', '', 'Asia/Istanbul', '', '+02:00', '+03:00', 'Link to Europe/Istanbul'),
(266, 'ID', '-0610+10648', 'Asia/Jakarta', 'Java & Sumatra', '+07:00', '+07:00', ''),
(267, 'ID', '-0232+14042', 'Asia/Jayapura', 'west New Guinea (Irian Jaya) & Malukus (Moluccas)', '+09:00', '+09:00', ''),
(268, 'IL', '+3146+03514', 'Asia/Jerusalem', '', '+02:00', '+03:00', ''),
(269, 'AF', '+3431+06912', 'Asia/Kabul', '', '+04:30', '+04:30', ''),
(270, 'RU', '+5301+15839', 'Asia/Kamchatka', 'Moscow+08 - Kamchatka', '+12:00', '+12:00', ''),
(271, 'PK', '+2452+06703', 'Asia/Karachi', '', '+05:00', '+05:00', ''),
(272, 'CN', '+3929+07559', 'Asia/Kashgar', 'west Tibet & Xinjiang', '+08:00', '+08:00', 'Covering historic Kunlun time zone.'),
(273, 'NP', '+2743+08519', 'Asia/Kathmandu', '', '+05:45', '+05:45', ''),
(274, '', '', 'Asia/Katmandu', '', '+05:45', '+05:45', 'Link to Asia/Kathmandu'),
(275, 'IN', '+2232+08822', 'Asia/Kolkata', '', '+05:30', '+05:30', 'Note: Different zones in history, see Time in India.'),
(276, 'RU', '+5601+09250', 'Asia/Krasnoyarsk', 'Moscow+04 - Yenisei River', '+08:00', '+08:00', ''),
(277, 'MY', '+0310+10142', 'Asia/Kuala_Lumpur', 'peninsular Malaysia', '+08:00', '+08:00', ''),
(278, 'MY', '+0133+11020', 'Asia/Kuching', 'Sabah & Sarawak', '+08:00', '+08:00', ''),
(279, 'KW', '+2920+04759', 'Asia/Kuwait', '', '+03:00', '+03:00', ''),
(280, '', '', 'Asia/Macao', '', '+08:00', '+08:00', 'Link to Asia/Macau'),
(281, 'MO', '+2214+11335', 'Asia/Macau', '', '+08:00', '+08:00', ''),
(282, 'RU', '+5934+15048', 'Asia/Magadan', 'Moscow+08 - Magadan', '+12:00', '+12:00', ''),
(283, 'ID', '-0507+11924', 'Asia/Makassar', 'east & south Borneo, Sulawesi (Celebes), Bali, Nusa Tenggara, west Timor', '+08:00', '+08:00', ''),
(284, 'PH', '+1435+12100', 'Asia/Manila', '', '+08:00', '+08:00', ''),
(285, 'OM', '+2336+05835', 'Asia/Muscat', '', '+04:00', '+04:00', ''),
(286, 'CY', '+3510+03322', 'Asia/Nicosia', '', '+02:00', '+03:00', ''),
(287, 'RU', '+5345+08707', 'Asia/Novokuznetsk', 'Moscow+03 - Novokuznetsk', '+07:00', '+07:00', ''),
(288, 'RU', '+5502+08255', 'Asia/Novosibirsk', 'Moscow+03 - Novosibirsk', '+07:00', '+07:00', ''),
(289, 'RU', '+5500+07324', 'Asia/Omsk', 'Moscow+03 - west Siberia', '+07:00', '+07:00', ''),
(290, 'KZ', '+5113+05121', 'Asia/Oral', 'West Kazakhstan', '+05:00', '+05:00', ''),
(291, 'KH', '+1133+10455', 'Asia/Phnom_Penh', '', '+07:00', '+07:00', ''),
(292, 'ID', '-0002+10920', 'Asia/Pontianak', 'west & central Borneo', '+07:00', '+07:00', ''),
(293, 'KP', '+3901+12545', 'Asia/Pyongyang', '', '+09:00', '+09:00', ''),
(294, 'QA', '+2517+05132', 'Asia/Qatar', '', '+03:00', '+03:00', ''),
(295, 'KZ', '+4448+06528', 'Asia/Qyzylorda', 'Qyzylorda (Kyzylorda, Kzyl-Orda)', '+06:00', '+06:00', ''),
(296, 'MM', '+1647+09610', 'Asia/Rangoon', '', '+06:30', '+06:30', ''),
(297, 'SA', '+2438+04643', 'Asia/Riyadh', '', '+03:00', '+03:00', ''),
(298, '', '', 'Asia/Saigon', '', '+07:00', '+07:00', 'Link to Asia/Ho_Chi_Minh'),
(299, 'RU', '+4658+14242', 'Asia/Sakhalin', 'Moscow+07 - Sakhalin Island', '+11:00', '+11:00', ''),
(300, 'UZ', '+3940+06648', 'Asia/Samarkand', 'west Uzbekistan', '+05:00', '+05:00', ''),
(301, 'KR', '+3733+12658', 'Asia/Seoul', '', '+09:00', '+09:00', ''),
(302, 'CN', '+3114+12128', 'Asia/Shanghai', 'east China - Beijing, Guangdong, Shanghai, etc.', '+08:00', '+08:00', 'Covering historic Chungyuan time zone.'),
(303, 'SG', '+0117+10351', 'Asia/Singapore', '', '+08:00', '+08:00', ''),
(304, 'TW', '+2503+12130', 'Asia/Taipei', '', '+08:00', '+08:00', ''),
(305, 'UZ', '+4120+06918', 'Asia/Tashkent', 'east Uzbekistan', '+05:00', '+05:00', ''),
(306, 'GE', '+4143+04449', 'Asia/Tbilisi', '', '+04:00', '+04:00', ''),
(307, 'IR', '+3540+05126', 'Asia/Tehran', '', '+03:30', '+04:30', ''),
(308, '', '', 'Asia/Tel_Aviv', '', '+02:00', '+03:00', 'Link to Asia/Jerusalem'),
(309, '', '', 'Asia/Thimbu', '', '+06:00', '+06:00', 'Link to Asia/Thimphu'),
(310, 'BT', '+2728+08939', 'Asia/Thimphu', '', '+06:00', '+06:00', ''),
(311, 'JP', '+353916+1394441', 'Asia/Tokyo', '', '+09:00', '+09:00', ''),
(312, '', '', 'Asia/Ujung_Pandang', '', '+08:00', '+08:00', 'Link to Asia/Makassar'),
(313, 'MN', '+4755+10653', 'Asia/Ulaanbaatar', 'most locations', '+08:00', '+08:00', ''),
(314, '', '', 'Asia/Ulan_Bator', '', '+08:00', '+08:00', 'Link to Asia/Ulaanbaatar'),
(315, 'CN', '+4348+08735', 'Asia/Urumqi', 'most of Tibet & Xinjiang', '+08:00', '+08:00', 'Covering historic Sinkiang-Tibet time zone.'),
(316, 'LA', '+1758+10236', 'Asia/Vientiane', '', '+07:00', '+07:00', ''),
(317, 'RU', '+4310+13156', 'Asia/Vladivostok', 'Moscow+07 - Amur River', '+11:00', '+11:00', ''),
(318, 'RU', '+6200+12940', 'Asia/Yakutsk', 'Moscow+06 - Lena River', '+10:00', '+10:00', ''),
(319, 'RU', '+5651+06036', 'Asia/Yekaterinburg', 'Moscow+02 - Urals', '+06:00', '+06:00', ''),
(320, 'AM', '+4011+04430', 'Asia/Yerevan', '', '+04:00', '+04:00', ''),
(321, 'PT', '+3744-02540', 'Atlantic/Azores', 'Azores', '−01:00', '+00:00', ''),
(322, 'BM', '+3217-06446', 'Atlantic/Bermuda', '', '−04:00', '−03:00', ''),
(323, 'ES', '+2806-01524', 'Atlantic/Canary', 'Canary Islands', '+00:00', '+01:00', ''),
(324, 'CV', '+1455-02331', 'Atlantic/Cape_Verde', '', '−01:00', '−01:00', ''),
(325, '', '', 'Atlantic/Faeroe', '', '+00:00', '+01:00', 'Link to Atlantic/Faroe'),
(326, 'FO', '+6201-00646', 'Atlantic/Faroe', '', '+00:00', '+01:00', ''),
(327, '', '', 'Atlantic/Jan_Mayen', '', '+01:00', '+02:00', 'Link to Europe/Oslo'),
(328, 'PT', '+3238-01654', 'Atlantic/Madeira', 'Madeira Islands', '+00:00', '+01:00', ''),
(329, 'IS', '+6409-02151', 'Atlantic/Reykjavik', '', '+00:00', '+00:00', ''),
(330, 'GS', '-5416-03632', 'Atlantic/South_Georgia', '', '−02:00', '−02:00', ''),
(331, 'FK', '-5142-05751', 'Atlantic/Stanley', '', '−03:00', '−03:00', ''),
(332, 'SH', '-1555-00542', 'Atlantic/St_Helena', '', '+00:00', '+00:00', ''),
(333, '', '', 'Australia/ACT', '', '+10:00', '+11:00', 'Link to Australia/Sydney'),
(334, 'AU', '-3455+13835', 'Australia/Adelaide', 'South Australia', '+09:30', '+10:30', ''),
(335, 'AU', '-2728+15302', 'Australia/Brisbane', 'Queensland - most locations', '+10:00', '+10:00', ''),
(336, 'AU', '-3157+14127', 'Australia/Broken_Hill', 'New South Wales - Yancowinna', '+09:30', '+10:30', ''),
(337, '', '', 'Australia/Canberra', '', '+10:00', '+11:00', 'Link to Australia/Sydney'),
(338, 'AU', '-3956+14352', 'Australia/Currie', 'Tasmania - King Island', '+10:00', '+11:00', ''),
(339, 'AU', '-1228+13050', 'Australia/Darwin', 'Northern Territory', '+09:30', '+09:30', ''),
(340, 'AU', '-3143+12852', 'Australia/Eucla', 'Western Australia - Eucla area', '+08:45', '+08:45', ''),
(341, 'AU', '-4253+14719', 'Australia/Hobart', 'Tasmania - most locations', '+10:00', '+11:00', ''),
(342, '', '', 'Australia/LHI', '', '+10:30', '+11:00', 'Link to Australia/Lord_Howe'),
(343, 'AU', '-2016+14900', 'Australia/Lindeman', 'Queensland - Holiday Islands', '+10:00', '+10:00', ''),
(344, 'AU', '-3133+15905', 'Australia/Lord_Howe', 'Lord Howe Island', '+10:30', '+11:00', ''),
(345, 'AU', '-3749+14458', 'Australia/Melbourne', 'Victoria', '+10:00', '+11:00', ''),
(346, '', '', 'Australia/North', '', '+09:30', '+09:30', 'Link to Australia/Darwin'),
(347, '', '', 'Australia/NSW', '', '+10:00', '+11:00', 'Link to Australia/Sydney'),
(348, 'AU', '-3157+11551', 'Australia/Perth', 'Western Australia - most locations', '+08:00', '+08:00', ''),
(349, '', '', 'Australia/Queensland', '', '+10:00', '+10:00', 'Link to Australia/Brisbane'),
(350, '', '', 'Australia/South', '', '+09:30', '+10:30', 'Link to Australia/Adelaide'),
(351, 'AU', '-3352+15113', 'Australia/Sydney', 'New South Wales - most locations', '+10:00', '+11:00', ''),
(352, '', '', 'Australia/Tasmania', '', '+10:00', '+11:00', 'Link to Australia/Hobart'),
(353, '', '', 'Australia/Victoria', '', '+10:00', '+11:00', 'Link to Australia/Melbourne'),
(354, '', '', 'Australia/West', '', '+08:00', '+08:00', 'Link to Australia/Perth'),
(355, '', '', 'Australia/Yancowinna', '', '+09:30', '+10:30', 'Link to Australia/Broken_Hill'),
(356, '', '', 'Brazil/Acre', '', '−04:00', '−04:00', 'Link to America/Rio_Branco'),
(357, '', '', 'Brazil/DeNoronha', '', '−02:00', '−02:00', 'Link to America/Noronha'),
(358, '', '', 'Brazil/East', '', '−03:00', '−02:00', 'Link to America/Sao_Paulo'),
(359, '', '', 'Brazil/West', '', '−04:00', '−04:00', 'Link to America/Manaus'),
(360, '', '', 'Canada/Atlantic', '', '−04:00', '−03:00', 'Link to America/Halifax'),
(361, '', '', 'Canada/Central', '', '−06:00', '−05:00', 'Link to America/Winnipeg'),
(362, '', '', 'Canada/East-Saskatchewan', '', '−06:00', '−06:00', 'Link to America/Regina'),
(363, '', '', 'Canada/Eastern', '', '−05:00', '−04:00', 'Link to America/Toronto'),
(364, '', '', 'Canada/Mountain', '', '−07:00', '−06:00', 'Link to America/Edmonton'),
(365, '', '', 'Canada/Newfoundland', '', '−03:30', '−02:30', 'Link to America/St_Johns'),
(366, '', '', 'Canada/Pacific', '', '−08:00', '−07:00', 'Link to America/Vancouver'),
(367, '', '', 'Canada/Saskatchewan', '', '−06:00', '−06:00', 'Link to America/Regina'),
(368, '', '', 'Canada/Yukon', '', '−08:00', '−07:00', 'Link to America/Whitehorse'),
(369, '', '', 'CET', '', '+01:00', '+02:00', ''),
(370, '', '', 'Chile/Continental', '', '−04:00', '−03:00', 'Link to America/Santiago'),
(371, '', '', 'Chile/EasterIsland', '', '−06:00', '−05:00', 'Link to Pacific/Easter'),
(372, '', '', 'CST6CDT', '', '−06:00', '−05:00', ''),
(373, '', '', 'Cuba', '', '−05:00', '−04:00', 'Link to America/Havana'),
(374, '', '', 'EET', '', '+02:00', '+03:00', ''),
(375, '', '', 'Egypt', '', '+02:00', '+02:00', 'Link to Africa/Cairo'),
(376, '', '', 'Eire', '', '+00:00', '+01:00', 'Link to Europe/Dublin'),
(377, '', '', 'EST', '', '−05:00', '−05:00', ''),
(378, '', '', 'EST5EDT', '', '−05:00', '−04:00', ''),
(379, '', '', 'Etc./GMT', '', '+00:00', '+00:00', 'Link to UTC'),
(380, '', '', 'Etc./GMT+0', '', '+00:00', '+00:00', 'Link to UTC'),
(381, '', '', 'Etc./UCT', '', '+00:00', '+00:00', 'Link to UTC'),
(382, '', '', 'Etc./Universal', '', '+00:00', '+00:00', 'Link to UTC'),
(383, '', '', 'Etc./UTC', '', '+00:00', '+00:00', 'Link to UTC'),
(384, '', '', 'Etc./Zulu', '', '+00:00', '+00:00', 'Link to UTC'),
(385, 'NL', '+5222+00454', 'Europe/Amsterdam', '', '+01:00', '+02:00', ''),
(386, 'AD', '+4230+00131', 'Europe/Andorra', '', '+01:00', '+02:00', ''),
(387, 'GR', '+3758+02343', 'Europe/Athens', '', '+02:00', '+03:00', ''),
(388, '', '', 'Europe/Belfast', '', '+00:00', '+01:00', 'Link to Europe/London'),
(389, 'RS', '+4450+02030', 'Europe/Belgrade', '', '+01:00', '+02:00', ''),
(390, 'DE', '+5230+01322', 'Europe/Berlin', '', '+01:00', '+02:00', 'In 1945, the Trizone did not follow Berlin''s switch to DST, see Time in Germany'),
(391, 'SK', '+4809+01707', 'Europe/Bratislava', '', '+01:00', '+02:00', 'Link to Europe/Prague'),
(392, 'BE', '+5050+00420', 'Europe/Brussels', '', '+01:00', '+02:00', ''),
(393, 'RO', '+4426+02606', 'Europe/Bucharest', '', '+02:00', '+03:00', ''),
(394, 'HU', '+4730+01905', 'Europe/Budapest', '', '+01:00', '+02:00', ''),
(395, 'MD', '+4700+02850', 'Europe/Chisinau', '', '+02:00', '+03:00', ''),
(396, 'DK', '+5540+01235', 'Europe/Copenhagen', '', '+01:00', '+02:00', ''),
(397, 'IE', '+5320-00615', 'Europe/Dublin', '', '+00:00', '+01:00', ''),
(398, 'GI', '+3608-00521', 'Europe/Gibraltar', '', '+01:00', '+02:00', ''),
(399, 'GG', '+4927-00232', 'Europe/Guernsey', '', '+00:00', '+01:00', 'Link to Europe/London'),
(400, 'FI', '+6010+02458', 'Europe/Helsinki', '', '+02:00', '+03:00', ''),
(401, 'IM', '+5409-00428', 'Europe/Isle_of_Man', '', '+00:00', '+01:00', 'Link to Europe/London'),
(402, 'TR', '+4101+02858', 'Europe/Istanbul', '', '+02:00', '+03:00', ''),
(403, 'JE', '+4912-00207', 'Europe/Jersey', '', '+00:00', '+01:00', 'Link to Europe/London'),
(404, 'RU', '+5443+02030', 'Europe/Kaliningrad', 'Moscow-01 - Kaliningrad', '+03:00', '+03:00', ''),
(405, 'UA', '+5026+03031', 'Europe/Kiev', 'most locations', '+02:00', '+03:00', ''),
(406, 'PT', '+3843-00908', 'Europe/Lisbon', 'mainland', '+00:00', '+01:00', ''),
(407, 'SI', '+4603+01431', 'Europe/Ljubljana', '', '+01:00', '+02:00', 'Link to Europe/Belgrade'),
(408, 'GB', '+513030-0000731', 'Europe/London', '', '+00:00', '+01:00', ''),
(409, 'LU', '+4936+00609', 'Europe/Luxembourg', '', '+01:00', '+02:00', ''),
(410, 'ES', '+4024-00341', 'Europe/Madrid', 'mainland', '+01:00', '+02:00', ''),
(411, 'MT', '+3554+01431', 'Europe/Malta', '', '+01:00', '+02:00', ''),
(412, 'AX', '+6006+01957', 'Europe/Mariehamn', '', '+02:00', '+03:00', 'Link to Europe/Helsinki'),
(413, 'BY', '+5354+02734', 'Europe/Minsk', '', '+03:00', '+03:00', ''),
(414, 'MC', '+4342+00723', 'Europe/Monaco', '', '+01:00', '+02:00', ''),
(415, 'RU', '+5545+03735', 'Europe/Moscow', 'Moscow+00 - west Russia', '+04:00', '+04:00', ''),
(416, '', '', 'Europe/Nicosia', '', '+02:00', '+03:00', 'Link to Asia/Nicosia'),
(417, 'NO', '+5955+01045', 'Europe/Oslo', '', '+01:00', '+02:00', ''),
(418, 'FR', '+4852+00220', 'Europe/Paris', '', '+01:00', '+02:00', ''),
(419, 'ME', '+4226+01916', 'Europe/Podgorica', '', '+01:00', '+02:00', 'Link to Europe/Belgrade'),
(420, 'CZ', '+5005+01426', 'Europe/Prague', '', '+01:00', '+02:00', ''),
(421, 'LV', '+5657+02406', 'Europe/Riga', '', '+02:00', '+03:00', ''),
(422, 'IT', '+4154+01229', 'Europe/Rome', '', '+01:00', '+02:00', ''),
(423, 'RU', '+5312+05009', 'Europe/Samara', 'Moscow+00 - Samara, Udmurtia', '+04:00', '+04:00', ''),
(424, 'SM', '+4355+01228', 'Europe/San_Marino', '', '+01:00', '+02:00', 'Link to Europe/Rome'),
(425, 'BA', '+4352+01825', 'Europe/Sarajevo', '', '+01:00', '+02:00', 'Link to Europe/Belgrade'),
(426, 'UA', '+4457+03406', 'Europe/Simferopol', 'central Crimea', '+02:00', '+03:00', ''),
(427, 'MK', '+4159+02126', 'Europe/Skopje', '', '+01:00', '+02:00', 'Link to Europe/Belgrade'),
(428, 'BG', '+4241+02319', 'Europe/Sofia', '', '+02:00', '+03:00', ''),
(429, 'SE', '+5920+01803', 'Europe/Stockholm', '', '+01:00', '+02:00', ''),
(430, 'EE', '+5925+02445', 'Europe/Tallinn', '', '+02:00', '+03:00', ''),
(431, 'AL', '+4120+01950', 'Europe/Tirane', '', '+01:00', '+02:00', ''),
(432, '', '', 'Europe/Tiraspol', '', '+02:00', '+03:00', 'Link to Europe/Chisinau'),
(433, 'UA', '+4837+02218', 'Europe/Uzhgorod', 'Ruthenia', '+02:00', '+03:00', ''),
(434, 'LI', '+4709+00931', 'Europe/Vaduz', '', '+01:00', '+02:00', ''),
(435, 'VA', '+415408+0122711', 'Europe/Vatican', '', '+01:00', '+02:00', 'Link to Europe/Rome'),
(436, 'AT', '+4813+01620', 'Europe/Vienna', '', '+01:00', '+02:00', ''),
(437, 'LT', '+5441+02519', 'Europe/Vilnius', '', '+02:00', '+03:00', ''),
(438, 'RU', '+4844+04425', 'Europe/Volgograd', 'Moscow+00 - Caspian Sea', '+04:00', '+04:00', ''),
(439, 'PL', '+5215+02100', 'Europe/Warsaw', '', '+01:00', '+02:00', ''),
(440, 'HR', '+4548+01558', 'Europe/Zagreb', '', '+01:00', '+02:00', 'Link to Europe/Belgrade'),
(441, 'UA', '+4750+03510', 'Europe/Zaporozhye', 'Zaporozh''ye, E Lugansk / Zaporizhia, E Luhansk', '+02:00', '+03:00', ''),
(442, 'CH', '+4723+00832', 'Europe/Zurich', '', '+01:00', '+02:00', ''),
(443, '', '', 'GB', '', '+00:00', '+01:00', 'Link to Europe/London'),
(444, '', '', 'GB-Eire', '', '+00:00', '+01:00', 'Link to Europe/London'),
(445, '', '', 'GMT', '', '+00:00', '+00:00', 'Link to UTC'),
(446, '', '', 'GMT+0', '', '+00:00', '+00:00', 'Link to UTC'),
(447, '', '', 'GMT-0', '', '+00:00', '+00:00', 'Link to UTC'),
(448, '', '', 'GMT0', '', '+00:00', '+00:00', 'Link to UTC'),
(449, '', '', 'Greenwich', '', '+00:00', '+00:00', 'Link to UTC'),
(450, '', '', 'Hong Kong', '', '+08:00', '+08:00', 'Link to Asia/Hong_Kong'),
(451, '', '', 'HST', '', '−10:00', '−10:00', ''),
(452, '', '', 'Iceland', '', '+00:00', '+00:00', 'Link to Atlantic/Reykjavik'),
(453, 'MG', '-1855+04731', 'Indian/Antananarivo', '', '+03:00', '+03:00', ''),
(454, 'IO', '-0720+07225', 'Indian/Chagos', '', '+06:00', '+06:00', ''),
(455, 'CX', '-1025+10543', 'Indian/Christmas', '', '+07:00', '+07:00', ''),
(456, 'CC', '-1210+09655', 'Indian/Cocos', '', '+06:30', '+06:30', ''),
(457, 'KM', '-1141+04316', 'Indian/Comoro', '', '+03:00', '+03:00', ''),
(458, 'TF', '-492110+0701303', 'Indian/Kerguelen', '', '+05:00', '+05:00', ''),
(459, 'SC', '-0440+05528', 'Indian/Mahe', '', '+04:00', '+04:00', ''),
(460, 'MV', '+0410+07330', 'Indian/Maldives', '', '+05:00', '+05:00', ''),
(461, 'MU', '-2010+05730', 'Indian/Mauritius', '', '+04:00', '+04:00', ''),
(462, 'YT', '-1247+04514', 'Indian/Mayotte', '', '+03:00', '+03:00', ''),
(463, 'RE', '-2052+05528', 'Indian/Reunion', '', '+04:00', '+04:00', ''),
(464, '', '', 'Iran', '', '+03:30', '+04:30', 'Link to Asia/Tehran'),
(465, '', '', 'Israel', '', '+02:00', '+03:00', 'Link to Asia/Jerusalem'),
(466, '', '', 'Jamaica', '', '−05:00', '−05:00', 'Link to America/Jamaica'),
(467, '', '', 'Japan', '', '+09:00', '+09:00', 'Link to Asia/Tokyo'),
(468, '', '', 'JST-9', '', '+09:00', '+09:00', 'Link to Asia/Tokyo'),
(469, '', '', 'Kwajalein', '', '+12:00', '+12:00', 'Link to Pacific/Kwajalein'),
(470, '', '', 'Libya', '', '+02:00', '+02:00', 'Link to Africa/Tripoli'),
(471, '', '', 'MET', '', '+01:00', '+02:00', ''),
(472, '', '', 'Mexico/BajaNorte', '', '−08:00', '−07:00', 'Link to America/Tijuana'),
(473, '', '', 'Mexico/BajaSur', '', '−07:00', '−06:00', 'Link to America/Mazatlan'),
(474, '', '', 'Mexico/General', '', '−06:00', '−05:00', 'Link to America/Mexico_City'),
(475, '', '', 'MST', '', '−07:00', '−07:00', ''),
(476, '', '', 'MST7MDT', '', '−07:00', '−06:00', ''),
(477, '', '', 'Navajo', '', '−07:00', '−06:00', 'Link to America/Denver'),
(478, '', '', 'NZ', '', '+12:00', '+13:00', 'Link to Pacific/Auckland'),
(479, '', '', 'NZ-CHAT', '', '+12:45', '+13:45', 'Link to Pacific/Chatham'),
(480, 'WS', '-1350-17144', 'Pacific/Apia', '', '+13:00', '+14:00', ''),
(481, 'NZ', '-3652+17446', 'Pacific/Auckland', 'most locations', '+12:00', '+13:00', ''),
(482, 'NZ', '-4357-17633', 'Pacific/Chatham', 'Chatham Islands', '+12:45', '+13:45', ''),
(483, 'FM', '+0725+15147', 'Pacific/Chuuk', 'Chuuk (Truk) and Yap', '+10:00', '+10:00', ''),
(484, 'CL', '-2709-10926', 'Pacific/Easter', 'Easter Island & Sala y Gomez', '−06:00', '−05:00', ''),
(485, 'VU', '-1740+16825', 'Pacific/Efate', '', '+11:00', '+11:00', ''),
(486, 'KI', '-0308-17105', 'Pacific/Enderbury', 'Phoenix Islands', '+13:00', '+13:00', ''),
(487, 'TK', '-0922-17114', 'Pacific/Fakaofo', '', '+13:00', '+13:00', ''),
(488, 'FJ', '-1808+17825', 'Pacific/Fiji', '', '+12:00', '+13:00', ''),
(489, 'TV', '-0831+17913', 'Pacific/Funafuti', '', '+12:00', '+12:00', ''),
(490, 'EC', '-0054-08936', 'Pacific/Galapagos', 'Galapagos Islands', '−06:00', '−06:00', ''),
(491, 'PF', '-2308-13457', 'Pacific/Gambier', 'Gambier Islands', '−09:00', '−09:00', ''),
(492, 'SB', '-0932+16012', 'Pacific/Guadalcanal', '', '+11:00', '+11:00', ''),
(493, 'GU', '+1328+14445', 'Pacific/Guam', '', '+10:00', '+10:00', ''),
(494, 'US', '+211825-1575130', 'Pacific/Honolulu', 'Hawaii', '−10:00', '−10:00', ''),
(495, 'UM', '+1645-16931', 'Pacific/Johnston', 'Johnston Atoll', '−10:00', '−10:00', ''),
(496, 'KI', '+0152-15720', 'Pacific/Kiritimati', 'Line Islands', '+14:00', '+14:00', ''),
(497, 'FM', '+0519+16259', 'Pacific/Kosrae', 'Kosrae', '+11:00', '+11:00', ''),
(498, 'MH', '+0905+16720', 'Pacific/Kwajalein', 'Kwajalein', '+12:00', '+12:00', ''),
(499, 'MH', '+0709+17112', 'Pacific/Majuro', 'most locations', '+12:00', '+12:00', ''),
(500, 'PF', '-0900-13930', 'Pacific/Marquesas', 'Marquesas Islands', '−09:30', '−09:30', ''),
(501, 'UM', '+2813-17722', 'Pacific/Midway', 'Midway Islands', '−11:00', '−11:00', ''),
(502, 'NR', '-0031+16655', 'Pacific/Nauru', '', '+12:00', '+12:00', ''),
(503, 'NU', '-1901-16955', 'Pacific/Niue', '', '−11:00', '−11:00', ''),
(504, 'NF', '-2903+16758', 'Pacific/Norfolk', '', '+11:30', '+11:30', ''),
(505, 'NC', '-2216+16627', 'Pacific/Noumea', '', '+11:00', '+11:00', ''),
(506, 'AS', '-1416-17042', 'Pacific/Pago_Pago', '', '−11:00', '−11:00', ''),
(507, 'PW', '+0720+13429', 'Pacific/Palau', '', '+09:00', '+09:00', ''),
(508, 'PN', '-2504-13005', 'Pacific/Pitcairn', '', '−08:00', '−08:00', ''),
(509, 'FM', '+0658+15813', 'Pacific/Pohnpei', 'Pohnpei (Ponape)', '+11:00', '+11:00', ''),
(510, '', '', 'Pacific/Ponape', '', '+11:00', '+11:00', 'Link to Pacific/Pohnpei'),
(511, 'PG', '-0930+14710', 'Pacific/Port_Moresby', '', '+10:00', '+10:00', ''),
(512, 'CK', '-2114-15946', 'Pacific/Rarotonga', '', '−10:00', '−10:00', ''),
(513, 'MP', '+1512+14545', 'Pacific/Saipan', '', '+10:00', '+10:00', ''),
(514, '', '', 'Pacific/Samoa', '', '−11:00', '−11:00', 'Link to Pacific/Pago_Pago'),
(515, 'PF', '-1732-14934', 'Pacific/Tahiti', 'Society Islands', '−10:00', '−10:00', ''),
(516, 'KI', '+0125+17300', 'Pacific/Tarawa', 'Gilbert Islands', '+12:00', '+12:00', ''),
(517, 'TO', '-2110-17510', 'Pacific/Tongatapu', '', '+13:00', '+13:00', ''),
(518, '', '', 'Pacific/Truk', '', '+10:00', '+10:00', 'Link to Pacific/Chuuk'),
(519, 'UM', '+1917+16637', 'Pacific/Wake', 'Wake Island', '+12:00', '+12:00', ''),
(520, 'WF', '-1318-17610', 'Pacific/Wallis', '', '+12:00', '+12:00', ''),
(521, '', '', 'Pacific/Yap', '', '+10:00', '+10:00', 'Link to Pacific/Chuuk'),
(522, '', '', 'Poland', '', '+01:00', '+02:00', 'Link to Europe/Warsaw'),
(523, '', '', 'Portugal', '', '+00:00', '+01:00', 'Link to Europe/Lisbon'),
(524, '', '', 'PRC', '', '+08:00', '+08:00', 'Link to Asia/Shanghai'),
(525, '', '', 'PST8PDT', '', '−08:00', '−07:00', ''),
(526, '', '', 'ROC', '', '+08:00', '+08:00', 'Link to Asia/Taipei'),
(527, '', '', 'ROK', '', '+09:00', '+09:00', 'Link to Asia/Seoul'),
(528, '', '', 'Singapore', '', '+08:00', '+08:00', 'Link to Asia/Singapore'),
(529, '', '', 'Turkey', '', '+02:00', '+03:00', 'Link to Europe/Istanbul'),
(530, '', '', 'UCT', '', '+00:00', '+00:00', 'Link to UTC'),
(531, '', '', 'Universal', '', '+00:00', '+00:00', 'Link to UTC'),
(532, '', '', 'US/Alaska', '', '−09:00', '−08:00', 'Link to America/Anchorage'),
(533, '', '', 'US/Aleutian', '', '−10:00', '−09:00', 'Link to America/Adak'),
(534, '', '', 'US/Arizona', '', '−07:00', '−07:00', 'Link to America/Phoenix'),
(535, '', '', 'US/Central', '', '−06:00', '−05:00', 'Link to America/Chicago'),
(536, '', '', 'US/East-Indiana', '', '−05:00', '−04:00', 'Link to America/Indiana/Indianapolis'),
(537, '', '', 'US/Eastern', '', '−05:00', '−04:00', 'Link to America/New_York'),
(538, '', '', 'US/Hawaii', '', '−10:00', '−10:00', 'Link to Pacific/Honolulu'),
(539, '', '', 'US/Indiana-Starke', '', '−06:00', '−05:00', 'Link to America/Indiana/Knox'),
(540, '', '', 'US/Michigan', '', '−05:00', '−04:00', 'Link to America/Detroit'),
(541, '', '', 'US/Mountain', '', '−07:00', '−06:00', 'Link to America/Denver'),
(542, '', '', 'US/Pacific', '', '−08:00', '−07:00', 'Link to America/Los_Angeles'),
(543, '', '', 'US/Pacific-New', '', '−08:00', '−07:00', 'Link to America/Los_Angeles'),
(544, '', '', 'US/Samoa', '', '−11:00', '−11:00', 'Link to Pacific/Pago_Pago'),
(545, '', '', 'UTC', '', '+00:00', '+00:00', ''),
(546, '', '', 'W-SU', '', '+04:00', '+04:00', 'Link to Europe/Moscow'),
(547, '', '', 'WET', '', '+00:00', '+01:00', ''),
(548, '', '', 'Zulu', '', '+00:00', '+00:00', 'Link to UTC');

-- --------------------------------------------------------

--
-- Table structure for table `tropics`
--

CREATE TABLE IF NOT EXISTS `tropics` (
  `id` int(10) unsigned NOT NULL,
  `user_id` int(10) unsigned NOT NULL,
  `tropic_id` int(10) unsigned NOT NULL,
  `group_id` int(10) unsigned NOT NULL,
  `type` int(10) unsigned NOT NULL DEFAULT '1' COMMENT '1 = Know, 2 = Like',
  `status` enum('Y','N') COLLATE utf8_unicode_ci NOT NULL DEFAULT 'Y' COMMENT 'Y = Active, N = Inactive',
  `created_at` timestamp NULL DEFAULT NULL,
  `updated_at` timestamp NULL DEFAULT NULL
) ENGINE=InnoDB AUTO_INCREMENT=202 DEFAULT CHARSET=utf8 COLLATE=utf8_unicode_ci;

--
-- Dumping data for table `tropics`
--

INSERT INTO `tropics` (`id`, `user_id`, `tropic_id`, `group_id`, `type`, `status`, `created_at`, `updated_at`) VALUES
(123, 18, 3, 1, 1, 'Y', '2016-12-28 00:37:11', '2016-12-28 00:37:11'),
(124, 18, 9, 0, 1, 'Y', '2016-12-28 00:37:11', '2016-12-28 00:37:11'),
(125, 1, 15, 1, 1, 'Y', '2017-01-03 00:55:41', '2017-01-03 00:55:41'),
(126, 1, 14, 1, 1, 'Y', '2017-01-03 00:55:41', '2017-01-03 00:55:41'),
(127, 1, 13, 2, 1, 'Y', '2017-01-03 00:55:41', '2017-01-03 00:55:41'),
(128, 1, 9, 2, 1, 'Y', '2017-01-03 00:55:41', '2017-01-03 00:55:41'),
(129, 1, 19, 4, 1, 'Y', '2017-01-03 00:55:41', '2017-01-03 00:55:41'),
(130, 1, 1, 1, 1, 'Y', '2017-01-03 00:55:41', '2017-01-03 00:55:41'),
(194, 1, 11, 3, 2, 'Y', '2017-01-05 00:43:12', '2017-01-05 00:43:12'),
(195, 1, 5, 1, 2, 'Y', '2017-01-05 00:43:12', '2017-01-05 00:43:12'),
(196, 1, 12, 1, 2, 'Y', '2017-01-05 00:43:12', '2017-01-05 00:43:12'),
(197, 1, 13, 2, 2, 'Y', '2017-01-05 00:43:12', '2017-01-05 00:43:12'),
(198, 1, 9, 2, 2, 'Y', '2017-01-05 00:43:12', '2017-01-05 00:43:12'),
(199, 1, 3, 1, 2, 'Y', '2017-01-05 00:43:12', '2017-01-05 00:43:12'),
(200, 2, 11, 3, 1, 'Y', '2017-02-22 04:22:50', '2017-02-22 04:22:50'),
(201, 2, 1, 1, 2, 'Y', '2017-02-22 04:22:55', '2017-02-22 04:22:55');

-- --------------------------------------------------------

--
-- Table structure for table `tropic_groups`
--

CREATE TABLE IF NOT EXISTS `tropic_groups` (
  `id` int(10) unsigned NOT NULL,
  `name` varchar(255) COLLATE utf8_unicode_ci NOT NULL,
  `created_at` timestamp NULL DEFAULT NULL,
  `updated_at` timestamp NULL DEFAULT NULL
) ENGINE=InnoDB AUTO_INCREMENT=6 DEFAULT CHARSET=utf8 COLLATE=utf8_unicode_ci;

--
-- Dumping data for table `tropic_groups`
--

INSERT INTO `tropic_groups` (`id`, `name`, `created_at`, `updated_at`) VALUES
(1, 'Sports', '2016-12-30 06:16:05', '2016-12-30 06:16:05'),
(2, 'any', '2016-12-30 06:16:06', '2016-12-30 06:16:06'),
(3, 'Language', '2016-12-30 06:16:06', '2016-12-30 06:16:06'),
(4, 'engg', '2016-12-30 06:16:06', '2016-12-30 06:16:06'),
(5, 'lifestyle', '2016-12-30 06:16:06', '2016-12-30 06:16:06');

-- --------------------------------------------------------

--
-- Table structure for table `tropic_questions`
--

CREATE TABLE IF NOT EXISTS `tropic_questions` (
  `id` int(10) unsigned NOT NULL,
  `user_id` int(10) unsigned NOT NULL,
  `tropic_id` int(10) unsigned NOT NULL,
  `question_id` int(10) unsigned NOT NULL,
  `created_at` timestamp NULL DEFAULT NULL,
  `updated_at` timestamp NULL DEFAULT NULL
) ENGINE=InnoDB DEFAULT CHARSET=utf8 COLLATE=utf8_unicode_ci;

-- --------------------------------------------------------

--
-- Table structure for table `universities`
--

CREATE TABLE IF NOT EXISTS `universities` (
  `id` int(10) unsigned NOT NULL,
  `title` varchar(255) CHARACTER SET utf8 COLLATE utf8_unicode_ci NOT NULL,
  `created_at` timestamp NOT NULL DEFAULT '0000-00-00 00:00:00',
  `updated_at` timestamp NOT NULL DEFAULT '0000-00-00 00:00:00'
) ENGINE=InnoDB AUTO_INCREMENT=20 DEFAULT CHARSET=latin1;

--
-- Dumping data for table `universities`
--

INSERT INTO `universities` (`id`, `title`, `created_at`, `updated_at`) VALUES
(1, 'THPT Nguyễn Trãi-Ba Đình', '2016-11-14 18:30:00', '2016-11-14 18:30:00'),
(2, 'THPT  Phan Đình Phùng', '2016-11-14 18:30:00', '2016-11-14 18:30:00'),
(3, 'THPT Phạm Hồng Thái', '2016-11-14 18:30:00', '2016-11-14 18:30:00'),
(4, 'THPT Thực nghiệm', '2016-11-14 18:30:00', '2016-11-14 18:30:00'),
(5, 'THPT Đinh Tiên Hoàng-Ba Đình', '2016-11-14 18:30:00', '2016-11-14 18:30:00'),
(6, 'THCS-THPT Hà Thành', '2016-11-14 18:30:00', '2016-11-14 18:30:00'),
(7, 'THPT Hồ Tùng Mậu', '2016-11-14 18:30:00', '2016-11-14 18:30:00'),
(8, 'THPT Văn Lang', '2016-11-14 18:30:00', '2016-11-14 18:30:00'),
(9, 'GDTX Ba Đình', '2016-11-14 18:30:00', '2016-11-14 18:30:00'),
(10, 'CĐ nghề Hùng Vương', '2016-11-14 18:30:00', '2016-11-14 18:30:00'),
(11, 'CĐ nghề VIGLACERA', '2016-11-14 18:30:00', '2016-11-14 18:30:00'),
(12, 'THPT Trần Phú-Hoàn Kiếm', '2016-11-14 18:30:00', '2016-11-14 18:30:00'),
(13, 'THPT Việt-Đức', '2016-11-14 18:30:00', '2016-11-14 18:30:00'),
(14, 'THPT Mari Cuire', '2016-11-14 18:30:00', '2016-11-14 18:30:00'),
(15, 'demo1', '2017-01-04 07:44:31', '2017-01-04 07:44:31'),
(16, 'demo2', '2017-01-04 07:44:31', '2017-01-04 07:44:31'),
(18, 'demo4', '2017-01-04 07:44:31', '2017-01-04 07:44:31'),
(19, 'demo3', '2017-01-09 02:24:18', '2017-01-09 02:24:18');

-- --------------------------------------------------------

--
-- Table structure for table `upvote_downvotes`
--

CREATE TABLE IF NOT EXISTS `upvote_downvotes` (
  `id` int(10) unsigned NOT NULL,
  `answer_id` int(10) unsigned NOT NULL,
  `user_id` int(10) unsigned NOT NULL,
  `status` enum('Y','N') COLLATE utf8_unicode_ci NOT NULL DEFAULT 'Y' COMMENT '''Y'' => ''Upvote'' ,''N'' => ''Downvote''',
  `created_at` timestamp NULL DEFAULT NULL,
  `updated_at` timestamp NULL DEFAULT NULL
) ENGINE=InnoDB AUTO_INCREMENT=4 DEFAULT CHARSET=utf8 COLLATE=utf8_unicode_ci;

--
-- Dumping data for table `upvote_downvotes`
--

INSERT INTO `upvote_downvotes` (`id`, `answer_id`, `user_id`, `status`, `created_at`, `updated_at`) VALUES
(1, 6, 1, 'Y', '2017-02-20 09:09:31', '2017-02-22 02:27:12'),
(2, 7, 1, 'Y', '2017-02-20 09:15:19', '2017-02-22 02:26:43'),
(3, 8, 1, 'N', '2017-02-22 02:26:46', '2017-02-22 02:26:46');

-- --------------------------------------------------------

--
-- Table structure for table `users`
--

CREATE TABLE IF NOT EXISTS `users` (
  `id` int(10) unsigned NOT NULL,
  `first_name` varchar(255) COLLATE utf8_unicode_ci NOT NULL,
  `last_name` varchar(255) COLLATE utf8_unicode_ci NOT NULL,
  `nickname` varchar(255) COLLATE utf8_unicode_ci NOT NULL,
  `details` text COLLATE utf8_unicode_ci,
  `user_name` varchar(255) COLLATE utf8_unicode_ci DEFAULT NULL,
  `email` varchar(255) COLLATE utf8_unicode_ci NOT NULL,
  `recovery_email` varchar(255) COLLATE utf8_unicode_ci NOT NULL,
  `password` varchar(255) COLLATE utf8_unicode_ci NOT NULL,
  `user_type` tinyint(4) NOT NULL DEFAULT '1' COMMENT '1 = Normal user, 2 = Client',
  `gender` enum('M','F') COLLATE utf8_unicode_ci NOT NULL DEFAULT 'M' COMMENT '''M''=>''Male'', ''F''=>''Female''',
  `dob` varchar(255) COLLATE utf8_unicode_ci NOT NULL,
  `age` int(11) NOT NULL,
  `profile_image` varchar(255) COLLATE utf8_unicode_ci NOT NULL,
  `company_name` varchar(255) COLLATE utf8_unicode_ci NOT NULL,
  `company_number` varchar(255) COLLATE utf8_unicode_ci NOT NULL,
  `vat_number` varchar(255) COLLATE utf8_unicode_ci NOT NULL,
  `address` varchar(255) COLLATE utf8_unicode_ci NOT NULL,
  `current_address` text COLLATE utf8_unicode_ci NOT NULL,
  `postal_code` varchar(50) COLLATE utf8_unicode_ci NOT NULL,
  `lat` varchar(50) COLLATE utf8_unicode_ci NOT NULL,
  `lng` varchar(50) COLLATE utf8_unicode_ci NOT NULL,
  `confirmation_code` varchar(30) COLLATE utf8_unicode_ci NOT NULL,
  `utc_timezone` int(11) NOT NULL,
  `status` enum('Y','N','E') COLLATE utf8_unicode_ci NOT NULL DEFAULT 'E' COMMENT 'Y = Active, N = Block, E = Pending Activation',
  `in_step` int(10) unsigned NOT NULL,
  `remember_token` varchar(100) COLLATE utf8_unicode_ci DEFAULT NULL,
  `created_at` timestamp NULL DEFAULT NULL,
  `updated_at` timestamp NULL DEFAULT NULL
) ENGINE=InnoDB AUTO_INCREMENT=21 DEFAULT CHARSET=utf8 COLLATE=utf8_unicode_ci;

--
-- Dumping data for table `users`
--

INSERT INTO `users` (`id`, `first_name`, `last_name`, `nickname`, `details`, `user_name`, `email`, `recovery_email`, `password`, `user_type`, `gender`, `dob`, `age`, `profile_image`, `company_name`, `company_number`, `vat_number`, `address`, `current_address`, `postal_code`, `lat`, `lng`, `confirmation_code`, `utc_timezone`, `status`, `in_step`, `remember_token`, `created_at`, `updated_at`) VALUES
(1, 'Pritam', ' Das', 'PD', 'Lorem Ipsum is simply dummy text of the printing and typesetting industry. Lorem Ipsum has been the industry''s standard dummy text ever since the 1500s, when an unknown printer took a galley of type and scrambled it to make a type specimen book.', 'pritam12', 'pritam@technoexponent.com', 'das@technoexponent.com', '$2y$10$Wv6zuiXlQPGvCIf3AIJbdOK8MvpyMSZrGphD0zeaOFgunIQy0VTaW', 2, 'M', '16-8-1990', 26, '1484722021_basketballicon.png', 'test agaency', 'gaen65265', 'abc12355', 'Baguiati Flyover, Baguihati, Kolkata, West Bengal, India', '', '700059', '22.6096872', '88.42756839999993', '', 5, 'Y', 3, '1XLWS1gITpStQASWBbbmGxEiKnRW5VFelhJXW7FjkKtxyGI3hvWk6KQm3LM3', '2016-09-21 07:23:42', '2017-03-11 01:56:29'),
(2, 'krishanu', 'Das ', 'krishanuDas', NULL, 'pritam@technoexponent.com', 'krishanu@technoexponent.com', '', '$2y$10$xyDisnr8XetBk4/PeUsXo.Cy0BD9N7Nzo2s7Gvhgis.qFKu1XEjXu', 1, 'M', '15-7-1988', 29, '', '', '', '', '', '', '', '', '', '', 0, 'Y', 5, 'CXG13LRrRqepX7TYjiG2zNDAim3EQWtm3mcqaO3ztIigwhz4m5ZMBiwd94TX', '2016-09-19 08:15:09', '2017-03-11 01:25:16'),
(17, 'Raju', 'Das', '', NULL, 'Raju Das', 'p@technoexponent.com', '', '$2y$10$63yqm2NEK1Dl6qLhbBehfe71V3/bOlYIgtksj63ej1ffHMLgx6h7.', 1, 'M', '14-7-1987', 28, '', '', '', '', 'Kolkata, West Bengal, India', 'San Diego State University, Campanile Drive, San Diego, CA, United States', '', '', '', '', 0, 'Y', 5, 'gEfMs4q53uqxpJBEOI0d0ERYQ80xsK2gMw7trIUiCSTbMtULieIFKClr7BtV', '2016-11-11 01:38:13', '2016-11-11 11:19:23'),
(18, 'Santu', 'Roy', 'raaj roy', NULL, 'Santu Roy', 'santu@technoexponent.com', '', '$2y$10$sUfNugNWToWluZnJ7VbAMe0pIWLLLgtxfeBWtJaCTb0yHVjc9BCH2', 1, 'M', '14-7-1986', 21, '1474462256FHaWxEj6bb.jpg', '', '', '', '', 'Kolkata, West Bengal, India', '', '', '', '', 0, 'Y', 3, '54JUlGqdaBDEygFIVDiqU8XmxYze3J0jhwAhHt3W23ceDxRrFxnunWPEFM8R', '2016-11-12 06:21:50', '2017-03-11 01:57:10'),
(19, 'test2', '', '', NULL, 'Raaj Roy', 'roy@technoexponent.com', '', '$2y$10$bogohoBAWBapWBG6PDkCreINDa40Oi5NzrlXAI0Qu5Y6wgUibaH.C', 1, 'M', '11-10-1988', 35, '', '', '', '', 'Lake Town, Kolkata, West Bengal, India', 'Kolkata International Airport, Dum Dum, Kolkata, West Bengal, India', '', '', '', '', 0, 'Y', 2, 'YZwgUsWFxMoVA4jRoNYN8kKrwITF8P0Itf99ka6MuFMFqgtIrXOkFOsd9R0I', '2016-11-15 01:06:02', '2016-11-15 09:44:11'),
(20, 'test3', '', '', NULL, 'santur', 'anurag@technoexponent.com', '', '$2y$10$XW3U/qDDxYhiTwc1lgvj7eHBn/zyJIW5OEqXaBTvXfsmLDOJPByjS', 1, 'F', '19-4-1996', 22, '', '', '', '', '', '', '', '', '', '', 0, 'E', 2, NULL, '2016-11-15 09:44:31', '2016-11-15 09:47:01');

-- --------------------------------------------------------

--
-- Table structure for table `user_address`
--

CREATE TABLE IF NOT EXISTS `user_address` (
  `id` int(10) unsigned NOT NULL,
  `user_id` int(10) unsigned NOT NULL,
  `address` text COLLATE utf8_unicode_ci NOT NULL,
  `type` int(10) unsigned NOT NULL DEFAULT '1' COMMENT '1 = address1, 2 = address2 ',
  `is_default` enum('Y','N') COLLATE utf8_unicode_ci NOT NULL DEFAULT 'N' COMMENT '''Y''=>''Yes'', ''N''=>''No''',
  `created_at` timestamp NULL DEFAULT NULL,
  `updated_at` timestamp NULL DEFAULT NULL
) ENGINE=InnoDB AUTO_INCREMENT=64 DEFAULT CHARSET=utf8 COLLATE=utf8_unicode_ci;

--
-- Dumping data for table `user_address`
--

INSERT INTO `user_address` (`id`, `user_id`, `address`, `type`, `is_default`, `created_at`, `updated_at`) VALUES
(38, 1, 'Dallas, TX, United States', 2, 'N', '2016-12-19 09:37:22', '2017-02-09 03:59:29'),
(47, 1, 'Alberta, Canada', 1, 'Y', '2016-12-20 06:13:57', '2017-02-09 03:59:29'),
(48, 1, 'Atlanta, GA, United States', 2, 'N', '2016-12-20 09:14:57', '2017-02-09 03:59:29'),
(59, 18, 'Federal Territory of Kuala Lumpur Malaysia', 1, 'Y', '2016-12-26 07:27:08', '2016-12-26 07:27:08'),
(60, 18, 'Hawaii, United States', 2, 'N', '2016-12-26 07:50:38', '2016-12-26 07:50:38'),
(61, 18, 'British Columbia, Canada', 2, 'N', '2016-12-26 07:51:01', '2016-12-26 07:51:01'),
(62, 18, 'Los Angeles, CA, United States', 1, 'N', '2016-12-26 07:51:11', '2016-12-26 07:51:11'),
(63, 2, 'Kolkata Station Taxi Stand, Kolkata, West Bengal, India', 1, 'Y', '2017-02-22 04:22:03', '2017-02-22 04:22:03');

-- --------------------------------------------------------

--
-- Table structure for table `work_experiences`
--

CREATE TABLE IF NOT EXISTS `work_experiences` (
  `id` int(10) unsigned NOT NULL,
  `user_id` int(10) unsigned NOT NULL,
  `title` varchar(255) COLLATE utf8_unicode_ci NOT NULL,
  `company` varchar(255) COLLATE utf8_unicode_ci NOT NULL,
  `department` varchar(255) COLLATE utf8_unicode_ci NOT NULL,
  `city` varchar(255) COLLATE utf8_unicode_ci NOT NULL,
  `country` int(10) unsigned NOT NULL,
  `from_month` int(10) unsigned NOT NULL,
  `from_year` int(10) unsigned NOT NULL,
  `to_month` int(10) unsigned NOT NULL,
  `to_year` int(10) unsigned NOT NULL,
  `status` enum('Y','N') COLLATE utf8_unicode_ci NOT NULL DEFAULT 'Y' COMMENT 'Y = Active, N = Inactive',
  `created_at` timestamp NULL DEFAULT NULL,
  `updated_at` timestamp NULL DEFAULT NULL
) ENGINE=InnoDB AUTO_INCREMENT=12 DEFAULT CHARSET=utf8 COLLATE=utf8_unicode_ci;

--
-- Dumping data for table `work_experiences`
--

INSERT INTO `work_experiences` (`id`, `user_id`, `title`, `company`, `department`, `city`, `country`, `from_month`, `from_year`, `to_month`, `to_year`, `status`, `created_at`, `updated_at`) VALUES
(1, 17, 'Chief Operating Officer', 'test agaency', 'asadad', 'tst', 13, 2, 1975, 6, 1985, 'Y', '2016-11-11 10:06:04', '2016-11-11 10:06:04'),
(2, 17, 'Chief Operating Officer', 'abctest', 'Software', 'ANy', 9, 7, 1983, 10, 1987, 'Y', '2016-11-11 10:19:07', '2016-11-11 10:19:07'),
(3, 17, 'new cat', 'abctest', 'asadad', 'city', 14, 5, 1987, 9, 2011, 'Y', '2016-11-11 10:19:36', '2016-11-11 10:19:36'),
(4, 19, 'Commissioner of Internal Revenue', 'Công ty Cổ phần Bao bì Biên Hòa (SOVI)', 'Internal Revenue', 'ANy', 10, 10, 2006, 8, 2010, 'Y', '2016-11-15 01:14:07', '2016-11-15 01:14:07'),
(6, 19, 'Radio Station Manager,Radio Station,Radio Station', 'Công ty Cổ phần Basa (BASACO)00', 'Radio Station2', 'melb2', 1, 1, 1999, 6, 2009, 'Y', '2016-11-15 01:15:45', '2016-11-15 06:15:49'),
(7, 1, 'COO', 'Công ty cổ phần Cảng Cát Lái (Cat Lai Port JSC)', 'abc123', 'kolkat', 103, 6, 2000, 8, 2005, 'Y', '2016-11-22 01:18:20', '2016-11-22 04:56:26'),
(9, 1, 'Department Store General Manager', 'Công ty Cổ phần Bao bì dầu thực vật (V.Pack )', 'Department Store', 'City of London, London, United Kingdom', 19, 11, 1990, 8, 2001, 'Y', '2016-11-22 05:03:13', '2016-11-29 05:26:57'),
(10, 18, 'Department Store General Manager', 'Công ty Cổ phần Ánh Dương Việt Nam (Vinasun corp.)', 'abc', 'San Francisco, CA, United States', 0, 10, 1993, 10, 1997, 'Y', '2016-12-26 07:42:59', '2016-12-26 08:18:01'),
(11, 2, 'Operations Manager', 'Công ty Cổ phần Bất động sản Du lịch Ninh Vân Bay (Ninh Van Bay)', 'test dpt', 'Atlanta, GA, United States', 0, 0, 1987, 0, 2017, 'Y', '2017-02-22 04:22:38', '2017-02-22 04:22:38');

--
-- Indexes for dumped tables
--

--
-- Indexes for table `admins`
--
ALTER TABLE `admins`
  ADD PRIMARY KEY (`id`),
  ADD UNIQUE KEY `admins_email_unique` (`email`);

--
-- Indexes for table `all_tropics`
--
ALTER TABLE `all_tropics`
  ADD PRIMARY KEY (`id`);

--
-- Indexes for table `answers`
--
ALTER TABLE `answers`
  ADD PRIMARY KEY (`id`),
  ADD KEY `ask_questions_user_id_index` (`user_id`),
  ADD KEY `ask_questions_question_id_index` (`question_id`) USING BTREE;

--
-- Indexes for table `answer_comments`
--
ALTER TABLE `answer_comments`
  ADD PRIMARY KEY (`id`),
  ADD KEY `answer_comments_user_id_index` (`user_id`) USING BTREE,
  ADD KEY `answer_comments_answer_id_index` (`answer_id`);

--
-- Indexes for table `ask_questions`
--
ALTER TABLE `ask_questions`
  ADD PRIMARY KEY (`id`),
  ADD KEY `ask_questions_user_id_index` (`user_id`),
  ADD KEY `ask_questions_post_type_index` (`post_type`);

--
-- Indexes for table `blogs`
--
ALTER TABLE `blogs`
  ADD PRIMARY KEY (`id`),
  ADD KEY `blogs_user_id_index` (`user_id`);

--
-- Indexes for table `blog_comments`
--
ALTER TABLE `blog_comments`
  ADD PRIMARY KEY (`id`),
  ADD KEY `blog_comments_blog_id_index` (`blog_id`) USING BTREE,
  ADD KEY `blog_comments_user_id_index` (`user_id`) USING BTREE;

--
-- Indexes for table `blog_views`
--
ALTER TABLE `blog_views`
  ADD PRIMARY KEY (`id`),
  ADD KEY `blog_views_blog_id_index` (`blog_id`);

--
-- Indexes for table `categories`
--
ALTER TABLE `categories`
  ADD PRIMARY KEY (`id`),
  ADD KEY `categories_parent_id_index` (`parent_id`) USING BTREE;

--
-- Indexes for table `chat_messages`
--
ALTER TABLE `chat_messages`
  ADD PRIMARY KEY (`id`);

--
-- Indexes for table `companies`
--
ALTER TABLE `companies`
  ADD PRIMARY KEY (`id`);

--
-- Indexes for table `contact_ifnos`
--
ALTER TABLE `contact_ifnos`
  ADD PRIMARY KEY (`id`),
  ADD KEY `contact_ifnos_user_id_index` (`user_id`);

--
-- Indexes for table `contact_messages`
--
ALTER TABLE `contact_messages`
  ADD PRIMARY KEY (`id`);

--
-- Indexes for table `countries`
--
ALTER TABLE `countries`
  ADD UNIQUE KEY `idCountry` (`idCountry`);

--
-- Indexes for table `degrees`
--
ALTER TABLE `degrees`
  ADD PRIMARY KEY (`id`);

--
-- Indexes for table `educations`
--
ALTER TABLE `educations`
  ADD PRIMARY KEY (`id`),
  ADD KEY `educations_user_id_index` (`user_id`),
  ADD KEY `educations_country_index` (`country`),
  ADD KEY `educations_from_month_index` (`from_month`),
  ADD KEY `educations_from_year_index` (`from_year`),
  ADD KEY `educations_to_month_index` (`to_month`),
  ADD KEY `educations_to_year_index` (`to_year`);

--
-- Indexes for table `email_templates`
--
ALTER TABLE `email_templates`
  ADD PRIMARY KEY (`id`);

--
-- Indexes for table `favorite_categories`
--
ALTER TABLE `favorite_categories`
  ADD PRIMARY KEY (`id`),
  ADD KEY `favorite_categories_cat_id_index` (`cat_id`) USING BTREE,
  ADD KEY `favorite_categories_user_id_index` (`user_id`) USING BTREE;

--
-- Indexes for table `favorite_tropics`
--
ALTER TABLE `favorite_tropics`
  ADD PRIMARY KEY (`id`),
  ADD KEY `favorite_tropics_tropic_id_index` (`tropic_id`),
  ADD KEY `favorite_tropics_user_id_index` (`user_id`);

--
-- Indexes for table `filter_order_sets`
--
ALTER TABLE `filter_order_sets`
  ADD PRIMARY KEY (`id`),
  ADD KEY `filter_order_sets_user_id_index` (`user_id`);

--
-- Indexes for table `follows`
--
ALTER TABLE `follows`
  ADD PRIMARY KEY (`id`),
  ADD KEY `followed_to` (`followed_to`),
  ADD KEY `followed_by` (`followed_by`);

--
-- Indexes for table `friends`
--
ALTER TABLE `friends`
  ADD PRIMARY KEY (`id`),
  ADD KEY `friends_from_user_id_index` (`from_user_id`) USING BTREE,
  ADD KEY `friends_to_user_id_index` (`to_user_id`);

--
-- Indexes for table `jobs`
--
ALTER TABLE `jobs`
  ADD PRIMARY KEY (`id`);

--
-- Indexes for table `languages`
--
ALTER TABLE `languages`
  ADD PRIMARY KEY (`id`),
  ADD KEY `languages_locale_index` (`locale`);

--
-- Indexes for table `notification_settings`
--
ALTER TABLE `notification_settings`
  ADD PRIMARY KEY (`id`),
  ADD KEY `notification_settings_user_id_index` (`user_id`);

--
-- Indexes for table `pages`
--
ALTER TABLE `pages`
  ADD PRIMARY KEY (`id`);

--
-- Indexes for table `page_translations`
--
ALTER TABLE `page_translations`
  ADD PRIMARY KEY (`id`),
  ADD UNIQUE KEY `page_translations_page_id_locale_unique` (`page_id`,`locale`),
  ADD KEY `page_translations_locale_index` (`locale`);

--
-- Indexes for table `password_resets`
--
ALTER TABLE `password_resets`
  ADD KEY `password_resets_email_index` (`email`),
  ADD KEY `password_resets_token_index` (`token`);

--
-- Indexes for table `privacy_settings`
--
ALTER TABLE `privacy_settings`
  ADD PRIMARY KEY (`id`),
  ADD KEY `privacy_settings_user_id_index` (`user_id`),
  ADD KEY `privacy_settings_max_request_index` (`max_request`);

--
-- Indexes for table `question_follows`
--
ALTER TABLE `question_follows`
  ADD PRIMARY KEY (`id`),
  ADD KEY `question_follows_question_id_index` (`question_id`),
  ADD KEY `question_follows_followed_by_index` (`followed_by`);

--
-- Indexes for table `question_forwards`
--
ALTER TABLE `question_forwards`
  ADD PRIMARY KEY (`id`),
  ADD KEY `question_forward_question_id_index` (`question_id`) USING BTREE;

--
-- Indexes for table `school_majors`
--
ALTER TABLE `school_majors`
  ADD PRIMARY KEY (`id`);

--
-- Indexes for table `settings`
--
ALTER TABLE `settings`
  ADD PRIMARY KEY (`id`);

--
-- Indexes for table `timezones`
--
ALTER TABLE `timezones`
  ADD PRIMARY KEY (`id`);

--
-- Indexes for table `tropics`
--
ALTER TABLE `tropics`
  ADD PRIMARY KEY (`id`),
  ADD KEY `tropics_user_id_index` (`user_id`),
  ADD KEY `tropics_type_index` (`type`);

--
-- Indexes for table `tropic_groups`
--
ALTER TABLE `tropic_groups`
  ADD PRIMARY KEY (`id`);

--
-- Indexes for table `tropic_questions`
--
ALTER TABLE `tropic_questions`
  ADD PRIMARY KEY (`id`),
  ADD KEY `tropics_tropic_id_index` (`tropic_id`) USING BTREE,
  ADD KEY `tropics_question_id_index` (`question_id`);

--
-- Indexes for table `universities`
--
ALTER TABLE `universities`
  ADD PRIMARY KEY (`id`);

--
-- Indexes for table `upvote_downvotes`
--
ALTER TABLE `upvote_downvotes`
  ADD PRIMARY KEY (`id`),
  ADD KEY `upvote_downvotes_answer_id_index` (`answer_id`) USING BTREE;

--
-- Indexes for table `users`
--
ALTER TABLE `users`
  ADD PRIMARY KEY (`id`),
  ADD UNIQUE KEY `users_email_unique` (`email`),
  ADD UNIQUE KEY `users_user_name_unique` (`user_name`);

--
-- Indexes for table `user_address`
--
ALTER TABLE `user_address`
  ADD PRIMARY KEY (`id`),
  ADD KEY `user_address_user_id_index` (`user_id`),
  ADD KEY `user_address_type_index` (`type`);

--
-- Indexes for table `work_experiences`
--
ALTER TABLE `work_experiences`
  ADD PRIMARY KEY (`id`),
  ADD KEY `work_experiences_user_id_index` (`user_id`),
  ADD KEY `work_experiences_country_index` (`country`),
  ADD KEY `work_experiences_from_month_index` (`from_month`),
  ADD KEY `work_experiences_from_year_index` (`from_year`),
  ADD KEY `work_experiences_to_month_index` (`to_month`),
  ADD KEY `work_experiences_to_year_index` (`to_year`);

--
-- AUTO_INCREMENT for dumped tables
--

--
-- AUTO_INCREMENT for table `admins`
--
ALTER TABLE `admins`
  MODIFY `id` int(10) unsigned NOT NULL AUTO_INCREMENT,AUTO_INCREMENT=2;
--
-- AUTO_INCREMENT for table `all_tropics`
--
ALTER TABLE `all_tropics`
  MODIFY `id` int(10) unsigned NOT NULL AUTO_INCREMENT,AUTO_INCREMENT=45;
--
-- AUTO_INCREMENT for table `answers`
--
ALTER TABLE `answers`
  MODIFY `id` int(10) unsigned NOT NULL AUTO_INCREMENT,AUTO_INCREMENT=9;
--
-- AUTO_INCREMENT for table `answer_comments`
--
ALTER TABLE `answer_comments`
  MODIFY `id` int(10) unsigned NOT NULL AUTO_INCREMENT,AUTO_INCREMENT=31;
--
-- AUTO_INCREMENT for table `ask_questions`
--
ALTER TABLE `ask_questions`
  MODIFY `id` int(10) unsigned NOT NULL AUTO_INCREMENT,AUTO_INCREMENT=20;
--
-- AUTO_INCREMENT for table `blogs`
--
ALTER TABLE `blogs`
  MODIFY `id` int(10) unsigned NOT NULL AUTO_INCREMENT;
--
-- AUTO_INCREMENT for table `blog_comments`
--
ALTER TABLE `blog_comments`
  MODIFY `id` int(10) unsigned NOT NULL AUTO_INCREMENT;
--
-- AUTO_INCREMENT for table `blog_views`
--
ALTER TABLE `blog_views`
  MODIFY `id` int(10) unsigned NOT NULL AUTO_INCREMENT;
--
-- AUTO_INCREMENT for table `categories`
--
ALTER TABLE `categories`
  MODIFY `id` int(10) unsigned NOT NULL AUTO_INCREMENT,AUTO_INCREMENT=4;
--
-- AUTO_INCREMENT for table `chat_messages`
--
ALTER TABLE `chat_messages`
  MODIFY `id` int(10) NOT NULL AUTO_INCREMENT,AUTO_INCREMENT=474;
--
-- AUTO_INCREMENT for table `companies`
--
ALTER TABLE `companies`
  MODIFY `id` int(10) unsigned NOT NULL AUTO_INCREMENT,AUTO_INCREMENT=22;
--
-- AUTO_INCREMENT for table `contact_ifnos`
--
ALTER TABLE `contact_ifnos`
  MODIFY `id` int(10) unsigned NOT NULL AUTO_INCREMENT,AUTO_INCREMENT=7;
--
-- AUTO_INCREMENT for table `contact_messages`
--
ALTER TABLE `contact_messages`
  MODIFY `id` int(10) unsigned NOT NULL AUTO_INCREMENT;
--
-- AUTO_INCREMENT for table `degrees`
--
ALTER TABLE `degrees`
  MODIFY `id` int(10) unsigned NOT NULL AUTO_INCREMENT,AUTO_INCREMENT=4;
--
-- AUTO_INCREMENT for table `educations`
--
ALTER TABLE `educations`
  MODIFY `id` int(10) unsigned NOT NULL AUTO_INCREMENT,AUTO_INCREMENT=11;
--
-- AUTO_INCREMENT for table `email_templates`
--
ALTER TABLE `email_templates`
  MODIFY `id` int(10) unsigned NOT NULL AUTO_INCREMENT,AUTO_INCREMENT=4;
--
-- AUTO_INCREMENT for table `favorite_categories`
--
ALTER TABLE `favorite_categories`
  MODIFY `id` int(10) unsigned NOT NULL AUTO_INCREMENT;
--
-- AUTO_INCREMENT for table `favorite_tropics`
--
ALTER TABLE `favorite_tropics`
  MODIFY `id` int(10) unsigned NOT NULL AUTO_INCREMENT;
--
-- AUTO_INCREMENT for table `filter_order_sets`
--
ALTER TABLE `filter_order_sets`
  MODIFY `id` int(10) unsigned NOT NULL AUTO_INCREMENT,AUTO_INCREMENT=2;
--
-- AUTO_INCREMENT for table `follows`
--
ALTER TABLE `follows`
  MODIFY `id` int(10) unsigned NOT NULL AUTO_INCREMENT,AUTO_INCREMENT=6;
--
-- AUTO_INCREMENT for table `friends`
--
ALTER TABLE `friends`
  MODIFY `id` int(10) unsigned NOT NULL AUTO_INCREMENT,AUTO_INCREMENT=10;
--
-- AUTO_INCREMENT for table `jobs`
--
ALTER TABLE `jobs`
  MODIFY `id` int(10) unsigned NOT NULL AUTO_INCREMENT,AUTO_INCREMENT=22;
--
-- AUTO_INCREMENT for table `languages`
--
ALTER TABLE `languages`
  MODIFY `id` int(10) unsigned NOT NULL AUTO_INCREMENT,AUTO_INCREMENT=3;
--
-- AUTO_INCREMENT for table `notification_settings`
--
ALTER TABLE `notification_settings`
  MODIFY `id` int(10) unsigned NOT NULL AUTO_INCREMENT,AUTO_INCREMENT=7;
--
-- AUTO_INCREMENT for table `pages`
--
ALTER TABLE `pages`
  MODIFY `id` int(10) unsigned NOT NULL AUTO_INCREMENT,AUTO_INCREMENT=12;
--
-- AUTO_INCREMENT for table `page_translations`
--
ALTER TABLE `page_translations`
  MODIFY `id` int(10) unsigned NOT NULL AUTO_INCREMENT,AUTO_INCREMENT=14;
--
-- AUTO_INCREMENT for table `privacy_settings`
--
ALTER TABLE `privacy_settings`
  MODIFY `id` int(10) unsigned NOT NULL AUTO_INCREMENT,AUTO_INCREMENT=2;
--
-- AUTO_INCREMENT for table `question_follows`
--
ALTER TABLE `question_follows`
  MODIFY `id` int(10) unsigned NOT NULL AUTO_INCREMENT,AUTO_INCREMENT=5;
--
-- AUTO_INCREMENT for table `question_forwards`
--
ALTER TABLE `question_forwards`
  MODIFY `id` int(10) unsigned NOT NULL AUTO_INCREMENT,AUTO_INCREMENT=3;
--
-- AUTO_INCREMENT for table `school_majors`
--
ALTER TABLE `school_majors`
  MODIFY `id` int(10) unsigned NOT NULL AUTO_INCREMENT,AUTO_INCREMENT=24;
--
-- AUTO_INCREMENT for table `settings`
--
ALTER TABLE `settings`
  MODIFY `id` int(10) unsigned NOT NULL AUTO_INCREMENT,AUTO_INCREMENT=2;
--
-- AUTO_INCREMENT for table `timezones`
--
ALTER TABLE `timezones`
  MODIFY `id` int(10) unsigned NOT NULL AUTO_INCREMENT,AUTO_INCREMENT=549;
--
-- AUTO_INCREMENT for table `tropics`
--
ALTER TABLE `tropics`
  MODIFY `id` int(10) unsigned NOT NULL AUTO_INCREMENT,AUTO_INCREMENT=202;
--
-- AUTO_INCREMENT for table `tropic_groups`
--
ALTER TABLE `tropic_groups`
  MODIFY `id` int(10) unsigned NOT NULL AUTO_INCREMENT,AUTO_INCREMENT=6;
--
-- AUTO_INCREMENT for table `tropic_questions`
--
ALTER TABLE `tropic_questions`
  MODIFY `id` int(10) unsigned NOT NULL AUTO_INCREMENT;
--
-- AUTO_INCREMENT for table `universities`
--
ALTER TABLE `universities`
  MODIFY `id` int(10) unsigned NOT NULL AUTO_INCREMENT,AUTO_INCREMENT=20;
--
-- AUTO_INCREMENT for table `upvote_downvotes`
--
ALTER TABLE `upvote_downvotes`
  MODIFY `id` int(10) unsigned NOT NULL AUTO_INCREMENT,AUTO_INCREMENT=4;
--
-- AUTO_INCREMENT for table `users`
--
ALTER TABLE `users`
  MODIFY `id` int(10) unsigned NOT NULL AUTO_INCREMENT,AUTO_INCREMENT=21;
--
-- AUTO_INCREMENT for table `user_address`
--
ALTER TABLE `user_address`
  MODIFY `id` int(10) unsigned NOT NULL AUTO_INCREMENT,AUTO_INCREMENT=64;
--
-- AUTO_INCREMENT for table `work_experiences`
--
ALTER TABLE `work_experiences`
  MODIFY `id` int(10) unsigned NOT NULL AUTO_INCREMENT,AUTO_INCREMENT=12;
--
-- Constraints for dumped tables
--

--
-- Constraints for table `answers`
--
ALTER TABLE `answers`
  ADD CONSTRAINT `answers_ibfk_2` FOREIGN KEY (`question_id`) REFERENCES `ask_questions` (`id`) ON DELETE CASCADE;

--
-- Constraints for table `answer_comments`
--
ALTER TABLE `answer_comments`
  ADD CONSTRAINT `answer_comments_ibfk_1` FOREIGN KEY (`user_id`) REFERENCES `users` (`id`) ON DELETE CASCADE,
  ADD CONSTRAINT `answer_comments_ibfk_2` FOREIGN KEY (`answer_id`) REFERENCES `answers` (`id`) ON DELETE CASCADE;

--
-- Constraints for table `ask_questions`
--
ALTER TABLE `ask_questions`
  ADD CONSTRAINT `ask_questions_user_id_foreign` FOREIGN KEY (`user_id`) REFERENCES `users` (`id`) ON DELETE CASCADE;

--
-- Constraints for table `blogs`
--
ALTER TABLE `blogs`
  ADD CONSTRAINT `blogs_ibfk_1` FOREIGN KEY (`user_id`) REFERENCES `users` (`id`) ON DELETE CASCADE;

--
-- Constraints for table `blog_comments`
--
ALTER TABLE `blog_comments`
  ADD CONSTRAINT `blog_comments_ibfk_1` FOREIGN KEY (`user_id`) REFERENCES `users` (`id`) ON DELETE CASCADE,
  ADD CONSTRAINT `blog_comments_ibfk_2` FOREIGN KEY (`blog_id`) REFERENCES `blogs` (`id`) ON DELETE CASCADE;

--
-- Constraints for table `blog_views`
--
ALTER TABLE `blog_views`
  ADD CONSTRAINT `blog_views_ibfk_1` FOREIGN KEY (`blog_id`) REFERENCES `blogs` (`id`) ON DELETE CASCADE;

--
-- Constraints for table `contact_ifnos`
--
ALTER TABLE `contact_ifnos`
  ADD CONSTRAINT `contact_ifnos_user_id_foreign` FOREIGN KEY (`user_id`) REFERENCES `users` (`id`) ON DELETE CASCADE;

--
-- Constraints for table `educations`
--
ALTER TABLE `educations`
  ADD CONSTRAINT `educations_user_id_foreign` FOREIGN KEY (`user_id`) REFERENCES `users` (`id`) ON DELETE CASCADE;

--
-- Constraints for table `favorite_categories`
--
ALTER TABLE `favorite_categories`
  ADD CONSTRAINT `favorite_categories_ibfk_1` FOREIGN KEY (`cat_id`) REFERENCES `categories` (`id`) ON DELETE CASCADE,
  ADD CONSTRAINT `favorite_categories_ibfk_2` FOREIGN KEY (`user_id`) REFERENCES `users` (`id`) ON DELETE CASCADE;

--
-- Constraints for table `favorite_tropics`
--
ALTER TABLE `favorite_tropics`
  ADD CONSTRAINT `favorite_tropics_tropic_id_foreign` FOREIGN KEY (`tropic_id`) REFERENCES `all_tropics` (`id`) ON DELETE CASCADE,
  ADD CONSTRAINT `favorite_tropics_user_id_foreign` FOREIGN KEY (`user_id`) REFERENCES `users` (`id`) ON DELETE CASCADE;

--
-- Constraints for table `filter_order_sets`
--
ALTER TABLE `filter_order_sets`
  ADD CONSTRAINT `filter_order_sets_user_id_foreign` FOREIGN KEY (`user_id`) REFERENCES `users` (`id`) ON DELETE CASCADE;

--
-- Constraints for table `follows`
--
ALTER TABLE `follows`
  ADD CONSTRAINT `follows_ibfk_1` FOREIGN KEY (`followed_to`) REFERENCES `users` (`id`) ON DELETE CASCADE,
  ADD CONSTRAINT `follows_ibfk_2` FOREIGN KEY (`followed_by`) REFERENCES `users` (`id`) ON DELETE CASCADE;

--
-- Constraints for table `friends`
--
ALTER TABLE `friends`
  ADD CONSTRAINT `friends_ibfk_1` FOREIGN KEY (`from_user_id`) REFERENCES `users` (`id`) ON DELETE CASCADE,
  ADD CONSTRAINT `friends_ibfk_2` FOREIGN KEY (`to_user_id`) REFERENCES `users` (`id`) ON DELETE CASCADE;

--
-- Constraints for table `notification_settings`
--
ALTER TABLE `notification_settings`
  ADD CONSTRAINT `notification_settings_user_id_foreign` FOREIGN KEY (`user_id`) REFERENCES `users` (`id`) ON DELETE CASCADE;

--
-- Constraints for table `page_translations`
--
ALTER TABLE `page_translations`
  ADD CONSTRAINT `page_translations_page_id_foreign` FOREIGN KEY (`page_id`) REFERENCES `pages` (`id`) ON DELETE CASCADE;

--
-- Constraints for table `privacy_settings`
--
ALTER TABLE `privacy_settings`
  ADD CONSTRAINT `privacy_settings_user_id_foreign` FOREIGN KEY (`user_id`) REFERENCES `users` (`id`) ON DELETE CASCADE;

--
-- Constraints for table `question_follows`
--
ALTER TABLE `question_follows`
  ADD CONSTRAINT `question_follows_ibfk_1` FOREIGN KEY (`question_id`) REFERENCES `ask_questions` (`id`) ON DELETE CASCADE,
  ADD CONSTRAINT `question_follows_ibfk_2` FOREIGN KEY (`followed_by`) REFERENCES `users` (`id`) ON DELETE CASCADE;

--
-- Constraints for table `question_forwards`
--
ALTER TABLE `question_forwards`
  ADD CONSTRAINT `question_forwards_ibfk_1` FOREIGN KEY (`question_id`) REFERENCES `ask_questions` (`id`) ON DELETE CASCADE;

--
-- Constraints for table `tropics`
--
ALTER TABLE `tropics`
  ADD CONSTRAINT `tropics_user_id_foreign` FOREIGN KEY (`user_id`) REFERENCES `users` (`id`) ON DELETE CASCADE;

--
-- Constraints for table `tropic_questions`
--
ALTER TABLE `tropic_questions`
  ADD CONSTRAINT `tropic_questions_ibfk_1` FOREIGN KEY (`tropic_id`) REFERENCES `all_tropics` (`id`) ON DELETE CASCADE,
  ADD CONSTRAINT `tropic_questions_ibfk_2` FOREIGN KEY (`question_id`) REFERENCES `ask_questions` (`id`) ON DELETE CASCADE;

--
-- Constraints for table `upvote_downvotes`
--
ALTER TABLE `upvote_downvotes`
  ADD CONSTRAINT `upvote_downvotes_ibfk_1` FOREIGN KEY (`answer_id`) REFERENCES `answers` (`id`) ON DELETE CASCADE;

--
-- Constraints for table `user_address`
--
ALTER TABLE `user_address`
  ADD CONSTRAINT `user_address_user_id_foreign` FOREIGN KEY (`user_id`) REFERENCES `users` (`id`) ON DELETE CASCADE;

--
-- Constraints for table `work_experiences`
--
ALTER TABLE `work_experiences`
  ADD CONSTRAINT `work_experiences_user_id_foreign` FOREIGN KEY (`user_id`) REFERENCES `users` (`id`) ON DELETE CASCADE;

/*!40101 SET CHARACTER_SET_CLIENT=@OLD_CHARACTER_SET_CLIENT */;
/*!40101 SET CHARACTER_SET_RESULTS=@OLD_CHARACTER_SET_RESULTS */;
/*!40101 SET COLLATION_CONNECTION=@OLD_COLLATION_CONNECTION */;
